1881,800,0.2
1882,800,0.2
1883,800,0.2
1884,800,0.2
1885,800,0.2
1886,800,0.2
1887,800,0.2
1888,800,0.2
1889,800,0.2
1890,800,0.2
1891,800,0.2
1892,800,0.2
1893,800,0.2
1894,800,0.2
1895,800,0.2
1896,800,0.2
1897,800,0.2
1898,800,0.2
1899,800,0.2
1900,800,0.2
1901,800,0.2
1902,800,0.2
1903,800,0.2
1904,800,0.2
1905,800,0.2
1906,800,0.2
1907,800,0.2
1908,800,0.2
1909,800,0.2
1910,800,0.2
1911,800,0.2
1912,800,0.2
1913,800,0.2
1914,800,0.2
1915,800,0.2
1916,800,0.2
1917,800,0.2
1918,800,0.2
1919,800,0.2
1920,800,0.2
1921,800,0.2
1922,800,0.2
1923,800,0.2
1924,810,0.2
1925,810,0.2
1926,810,0.2
1927,810,0.2
1928,810,0.2
1929,810,0.2
1930,810,0.2
1931,810,0.2
1932,810,0.2
1933,810,0.2
1934,810,0.2
1935,810,0.2
1936,810,0.2
1937,810,0.2
1938,810,0.2
1939,810,0.2
1940,810,0.2
1941,810,0.2
1942,810,0.2
1943,810,0.2
1944,810,0.2
1945,810,0.2
1946,810,0.2
1947,810,0.2
1948,810,0.2
1949,810,0.2
1950,810,0.2
1951,810,0.2
1952,810,0.2
1953,810,0.2
1954,810,0.2
1955,810,0.2
1956,810,0.2
1957,810,0.2
1958,820,0.2
1959,820,0.2
1960,820,0.2
1961,820,0.2
1962,820,0.2
1963,820,0.2
1964,820,0.2
1965,820,0.2
1966,830,0.2
1967,830,0.2
1968,830,0.2
1969,830,0.2
1970,830,0.2
1971,830,0.2
1972,840,0.2
1973,840,0.2
1974,840,0.2
1975,840,0.2
1976,850,0.2
1977,850,0.2
1978,850,0.2
1979,850,0.2
1980,850,0.2
1981,850,0.2
1982,860,0.2
1983,860,0.2
1984,860,0.2
1985,860,0.2
1986,870,0.2
1987,870,0.2
1988,870,0.2
1989,870,0.2
1990,880,0.2
1991,880,0.2
1992,890,0.2
1993,890,0.2
1994,900,0.2
1995,900,0.2
1996,910,0.2
1997,910,0.2
1998,920,0.2
1999,920,0.2
2000,940,0.2
2001,940,0.2
2002,950,0.2
2003,950,0.2
2004,950,0.2
2005,950,0.2
2006,960,0.2
2007,960,0.2
2008,980,0.2
2009,980,0.2
2010,990,0.2
2011,990,0.2
2012,1010,0.2
2013,1010,0.2
2014,1020,0.2
2015,1020,0.2
2016,1030,0.2
2017,1030,0.2
2018,1040,0.2
2019,1040,0.2
2020,1040,0.2
2021,1040,0.2
2022,1040,0.2
2023,1040,0.2
2024,1050,0.2
2025,1050,0.2
2026,1060,0.2
2027,1060,0.2
2028,1060,0.2
2029,1070,0.2
2030,1070,0.2
2031,1080,0.2
2032,1080,0.2
2033,1090,0.2
2034,1090,0.2
2035,1090,0.2
2036,1090,0.2
2037,1100,0.2
2038,1100,0.2
2039,1110,0.2
2040,1110,0.2
2041,1120,0.2
2042,1120,0.2
2043,1120,0.2
2044,1120,0.2
2045,1130,0.2
2046,1130,0.2
2047,1140,0.2
2048,1140,0.2
2049,1140,0.2
2050,1140,0.2
2051,1150,0.2
2052,1150,0.2
2053,1150,0.2
2054,1150,0.2
2055,1150,0.2
2056,1150,0.2
2057,1150,0.2
2058,1150,0.2
2059,1150,0.2
2060,1150,0.2
2061,1160,0.2
2062,1160,0.2
2063,1160,0.2
2064,1160,0.2
2065,1160,0.2
2066,1160,0.2
2067,1160,0.2
2068,1160,0.2
2069,1160,0.2
2070,1160,0.2
2071,1170,0.2
2072,1170,0.2
2073,1170,0.2
2074,1170,0.2
2075,1170,0.2
2076,1170,0.2
2077,1170,0.2
2078,1170,0.2
2079,1180,0.2
2080,1180,0.2
2081,1180,0.2
2082,1180,0.2
2083,1180,0.2
2084,1180,0.2
2085,1180,0.2
2086,1180,0.2
2087,1180,0.2
2088,1180,0.2
2089,1180,0.2
2090,1180,0.2
2091,1180,0.2
2092,1180,0.2
2093,1190,0.2
2094,1190,0.2
2095,1190,0.2
2096,1190,0.2
2097,1190,0.2
2098,1190,0.2
2099,1190,0.2
2100,1190,0.2
2101,1190,0.2
2102,1190,0.2
2103,1190,0.2
2104,1190,0.2
2105,1190,0.2
2106,1190,0.2
2107,1190,0.2
2108,1190,0.2
2109,1190,0.2
2110,1190,0.2
2111,1190,0.2
2112,1190,0.2
2113,1190,0.2
2114,1190,0.2
2115,1190,0.2
2116,1190,0.2
2117,1190,0.2
2118,1190,0.2
2119,1190,0.2
2120,1190,0.2
2121,1190,0.2
2122,1190,0.2
2123,1190,0.2
2124,1190,0.2
2125,1190,0.2
2126,1190,0.2
2127,1190,0.2
2128,1190,0.2
2129,1190,0.2
2130,1190,0.2
2131,1190,0.2
2132,1190,0.2
2133,1190,0.2
2134,1190,0.2
2135,1190,0.2
2136,1190,0.2
2137,1190,0.2
2138,1190,0.2
2139,1190,0.2
2140,1190,0.2
2141,1190,0.2
2142,1190,0.2
2143,1190,0.2
2144,1190,0.2
2145,1190,0.2
2146,1180,0.2
2147,1180,0.2
2148,1180,0.2
2149,1180,0.2
2150,1180,0.2
2151,1180,0.2
2152,1180,0.2
2153,1180,0.2
2154,1180,0.2
2155,1180,0.2
2156,1180,0.2
2157,1180,0.2
2158,1180,0.2
2159,1180,0.2
2160,1180,0.2
2161,1180,0.2
2162,1180,0.2
2163,1180,0.2
2164,1180,0.2
2165,1180,0.2
2166,1180,0.2
2167,1180,0.2
2168,1180,0.2
2169,1180,0.2
2170,1170,0.2
2171,1170,0.2
2172,1170,0.2
2173,1170,0.2
2174,1170,0.2
2175,1170,0.2
2176,1170,0.2
2177,1170,0.2
2178,1170,0.2
2179,1170,0.2
2180,1170,0.2
2181,1170,0.2
2182,1170,0.2
2183,1170,0.2
2184,1160,0.2
2185,1160,0.2
2186,1160,0.2
2187,1160,0.2
2188,1160,0.2
2189,1160,0.2
2190,1160,0.2
2191,1160,0.2
2192,1160,0.2
2193,1160,0.2
2194,1160,0.2
2195,1160,0.2
2196,1150,0.2
2197,1150,0.2
2198,1150,0.2
2199,1150,0.2
2200,1150,0.2
2201,1150,0.2
2202,1150,0.2
2203,1150,0.2
2204,1150,0.2
2205,1150,0.2
2206,1150,0.2
2207,1150,0.2
2208,1150,0.2
2209,1150,0.2
2210,1140,0.2
2211,1140,0.2
2212,1140,0.2
2213,1140,0.2
2214,1140,0.2
2215,1140,0.2
2216,1140,0.2
2217,1140,0.2
2218,1140,0.2
2219,1140,0.2
2220,1140,0.2
2221,1140,0.2
2222,1130,0.2
2223,1130,0.2
2224,1130,0.2
2225,1130,0.2
2226,1130,0.2
2227,1130,0.2
2228,1130,0.2
2229,1130,0.2
2230,1130,0.2
2231,1130,0.2
2232,1120,0.2
2233,1120,0.2
2234,1120,0.2
2235,1120,0.2
2236,1120,0.2
2237,1120,0.2
2238,1120,0.2
2239,1120,0.2
2240,1120,0.2
2241,1120,0.2
2242,1120,0.2
2243,1120,0.2
2244,1120,0.2
2245,1120,0.2
2246,1120,0.2
2247,1120,0.2
2248,1120,0.2
2249,1120,0.2
2250,1110,0.2
2251,1110,0.2
2252,1110,0.2
2253,1110,0.2
2254,1110,0.2
2255,1110,0.2
2256,1110,0.2
2257,1110,0.2
2258,1110,0.2
2259,1110,0.2
2260,1110,0.2
2261,1110,0.2
2262,1110,0.2
2263,1110,0.2
2264,1110,0.2
2265,1110,0.2
2266,1110,0.2
2267,1110,0.2
2268,1110,0.2
2269,1110,0.2
2270,1110,0.2
2271,1100,0.2
2272,1100,0.2
2273,1100,0.2
2274,1100,0.2
2275,1100,0.2
2276,1100,0.2
2277,1100,0.2
2278,1100,0.2
2279,1100,0.2
2280,1100,0.2
2281,1100,0.2
2282,1100,0.2
2283,1100,0.2
2284,1100,0.2
2285,1100,0.2
2286,1100,0.2
2287,1100,0.2
2288,1100,0.2
2289,1090,0.2
2290,1090,0.2
2291,1090,0.2
2292,1090,0.2
2293,1090,0.2
2294,1090,0.2
2295,1090,0.2
2296,1090,0.2
2297,1090,0.2
2298,1090,0.2
2299,1090,0.2
2300,1090,0.2
2301,1090,0.2
2302,1090,0.2
2303,1080,0.2
2304,1080,0.2
2305,1080,0.2
2306,1080,0.2
2307,1080,0.2
2308,1080,0.2
2309,1080,0.2
2310,1080,0.2
2311,1080,0.2
2312,1080,0.2
2313,1080,0.2
2314,1080,0.2
2315,1080,0.2
2316,1080,0.2
2317,1070,0.2
2318,1070,0.2
2319,1070,0.2
2320,1070,0.2
2321,1070,0.2
2322,1070,0.2
2323,1070,0.2
2324,1070,0.2
2325,1070,0.2
2326,1070,0.2
2327,1070,0.2
2328,1070,0.2
2329,1070,0.2
2330,1070,0.2
2331,1070,0.2
2332,1070,0.2
2333,1060,0.2
2334,1060,0.2
2335,1060,0.2
2336,1060,0.2
2337,1060,0.2
2338,1060,0.2
2339,1060,0.2
2340,1060,0.2
2341,1060,0.2
2342,1060,0.2
2343,1060,0.2
2344,1060,0.2
2345,1060,0.2
2346,1060,0.2
2347,1060,0.2
2348,1060,0.2
2349,1060,0.2
2350,1060,0.2
2351,1060,0.2
2352,1060,0.2
2353,1060,0.2
2354,1060,0.2
2355,1060,0.2
2356,1060,0.2
2357,1060,0.2
2358,1060,0.2
2359,1050,0.2
2360,1050,0.2
2361,1050,0.2
2362,1050,0.2
2363,1050,0.2
2364,1050,0.2
2365,1050,0.2
2366,1050,0.2
2367,1050,0.2
2368,1050,0.2
2369,1050,0.2
2370,1050,0.2
2371,1050,0.2
2372,1050,0.2
2373,1050,0.2
2374,1050,0.2
2375,1050,0.2
2376,1050,0.2
2377,1050,0.2
2378,1050,0.2
2379,1050,0.2
2380,1050,0.2
2381,1050,0.2
2382,1050,0.2
2383,1050,0.2
2384,1050,0.2
2385,1050,0.2
2386,1050,0.2
2387,1050,0.2
2388,1050,0.2
2389,1050,0.2
2390,1050,0.2
2391,1050,0.2
2392,1050,0.2
2393,1050,0.2
2394,1050,0.2
2395,1050,0.2
2396,1050,0.2
2397,1050,0.2
2398,1050,0.2
2399,1050,0.2
2400,1040,0.2
2401,1040,0.2
2402,1040,0.2
2403,1040,0.2
2404,1040,0.2
2405,1040,0.2
2406,1040,0.2
2407,1040,0.2
2408,1040,0.2
2409,1040,0.2
2410,1040,0.2
2411,1040,0.2
2412,1040,0.2
2413,1040,0.2
2414,1040,0.2
2415,1040,0.2
2416,1040,0.2
2417,1040,0.2
2418,1040,0.2
2419,1040,0.2
2420,1040,0.2
2421,1040,0.2
2422,1030,0.2
2423,1030,0.2
2424,1030,0.2
2425,1030,0.2
2426,1030,0.2
2427,1030,0.2
2428,1030,0.2
2429,1030,0.2
2430,1030,0.2
2431,1030,0.2
2432,1030,0.2
2433,1030,0.2
2434,1030,0.2
2435,1030,0.2
2436,1030,0.2
2437,1030,0.2
2438,1030,0.2
2439,1030,0.2
2440,1030,0.2
2441,1030,0.2
2442,1030,0.2
2443,1030,0.2
2444,1030,0.2
2445,1030,0.2
2446,1030,0.2
2447,1030,0.2
2448,1030,0.2
2449,1030,0.2
2450,1020,0.2
2451,1020,0.2
2452,1020,0.2
2453,1020,0.2
2454,1020,0.2
2455,1020,0.2
2456,1020,0.2
2457,1020,0.2
2458,1020,0.2
2459,1020,0.2
2460,1020,0.2
2461,1020,0.2
2462,1020,0.2
2463,1020,0.2
2464,1020,0.2
2465,1020,0.2
2466,1020,0.2
2467,1020,0.2
2468,1020,0.2
2469,1020,0.2
2470,1020,0.2
2471,1020,0.2
2472,1020,0.2
2473,1020,0.2
2474,1010,0.2
2475,1010,0.2
2476,1010,0.2
2477,1010,0.2
2478,1010,0.2
2479,1010,0.2
2480,1010,0.2
2481,1010,0.2
2482,1010,0.2
2483,1010,0.2
2484,1010,0.2
2485,1010,0.2
2486,1010,0.2
2487,1010,0.2
2488,1010,0.2
2489,1010,0.2
2490,1010,0.2
2491,1010,0.2
2493,1010,0.2
2494,1010,0.2
2495,1010,0.2
2496,1010,0.2
2497,1010,0.2
2498,1010,0.2
2499,1010,0.2
2500,1010,0.2
2501,1010,0.2
2502,1010,0.2
2503,1010,0.2
2504,1010,0.2
2505,1010,0.2
2506,1010,0.2
2507,1010,0.2
2508,1010,0.2
2509,1010,0.2
2510,1010,0.2
2511,1010,0.2
2512,1010,0.2
2513,1010,0.2
2514,1010,0.2
2515,1010,0.2
2516,1010,0.2
2517,1010,0.2
2518,1010,0.2
2519,1010,0.2
2520,1010,0.2
2521,1010,0.2
2522,1010,0.2
2523,1010,0.2
2524,1010,0.2
2525,1010,0.2
2526,1010,0.2
2527,1010,0.2
2528,1010,0.2
2529,1010,0.2
2530,1010,0.2
2531,1010,0.2
2532,1010,0.2
2533,1010,0.2
2534,1010,0.2
2535,1010,0.2
2536,1000,0.2
2537,1000,0.2
2538,1000,0.2
2539,1000,0.2
2540,1000,0.2
2541,1000,0.2
2542,1000,0.2
2543,1000,0.2
2544,1000,0.2
2545,1000,0.2
2546,1000,0.2
2547,1000,0.2
2548,1000,0.2
2549,1000,0.2
2550,1000,0.2
2551,1000,0.2
2552,1000,0.2
2553,1000,0.2
2554,1000,0.2
2555,1000,0.2
2556,1000,0.2
2557,1000,0.2
2558,1000,0.2
2559,1000,0.2
2560,1000,0.2
2561,1000,0.2
2562,1000,0.2
2563,1000,0.2
2564,1000,0.2
2565,1000,0.2
2566,990,0.2
2567,990,0.2
2568,990,0.2
2569,990,0.2
2570,990,0.2
2571,990,0.2
2572,990,0.2
2573,990,0.2
2574,990,0.2
2575,990,0.2
2576,990,0.2
2577,990,0.2
2578,990,0.2
2579,990,0.2
2580,990,0.2
2581,990,0.2
2582,990,0.2
2583,990,0.2
2584,990,0.2
2585,990,0.2
2586,990,0.2
2587,990,0.2
2588,990,0.2
2589,990,0.2
2590,990,0.2
2591,990,0.2
2592,990,0.2
2593,990,0.2
2594,990,0.2
2595,990,0.2
2596,990,0.2
2597,990,0.2
2598,990,0.2
2599,990,0.2
2600,990,0.2
2601,990,0.2
2602,990,0.2
2603,990,0.2
2604,990,0.2
2605,990,0.2
2606,990,0.2
2607,990,0.2
2608,990,0.2
2609,990,0.2
2610,990,0.2
2611,990,0.2
2612,990,0.2
2613,990,0.2
2614,990,0.2
2615,990,0.2
2616,990,0.2
2617,990,0.2
2618,990,0.2
2619,990,0.2
2620,990,0.2
2621,990,0.2
2622,990,0.2
2623,990,0.2
2624,990,0.2
2625,990,0.2
2626,990,0.2
2627,990,0.2
2628,990,0.2
2629,990,0.2
2630,990,0.2
2631,990,0.2
2632,990,0.2
2633,990,0.2
2634,990,0.2
2635,990,0.2
2636,990,0.2
2637,990,0.2
2638,990,0.2
2639,990,0.2
2640,990,0.2
2641,990,0.2
2642,990,0.2
2643,990,0.2
2644,990,0.2
2645,990,0.2
2646,990,0.2
2647,990,0.2
2648,990,0.2
2649,990,0.2
2650,990,0.2
2651,980,0.2
2652,980,0.2
2653,980,0.2
2654,980,0.2
2655,980,0.2
2656,980,0.2
2657,980,0.2
2658,980,0.2
2659,980,0.2
2660,980,0.2
2661,980,0.2
2662,980,0.2
2663,980,0.2
2664,980,0.2
2665,980,0.2
2666,980,0.2
2667,980,0.2
2668,980,0.2
2669,980,0.2
2670,980,0.2
2671,980,0.2
2672,980,0.2
2673,980,0.2
2674,980,0.2
2675,980,0.2
2676,980,0.2
2677,980,0.2
2678,980,0.2
2679,980,0.2
2680,980,0.2
2681,980,0.2
2682,980,0.2
2683,980,0.2
2684,980,0.2
2685,980,0.2
2686,980,0.2
2687,980,0.2
2688,980,0.2
2689,980,0.2
2690,980,0.2
2691,980,0.2
2692,980,0.2
2693,980,0.2
2694,980,0.2
2695,980,0.2
2696,980,0.2
2697,980,0.2
2698,980,0.2
2699,980,0.2
2700,980,0.2
2701,980,0.2
2702,980,0.2
2703,980,0.2
2704,980,0.2
2705,980,0.2
2706,980,0.2
2707,980,0.2
2708,980,0.2
2709,980,0.2
2710,980,0.2
2711,980,0.2
2712,980,0.2
2713,980,0.2
2714,980,0.2
2715,980,0.2
2716,980,0.2
2717,980,0.2
2718,980,0.2
2719,970,0.2
2720,970,0.2
2721,970,0.2
2722,970,0.2
2723,970,0.2
2724,970,0.2
2725,970,0.2
2726,970,0.2
2727,970,0.2
2728,970,0.2
2729,970,0.2
2730,970,0.2
2731,970,0.2
2732,970,0.2
2733,970,0.2
2734,970,0.2
2735,970,0.2
2736,970,0.2
2737,970,0.2
2738,970,0.2
2739,970,0.2
2740,970,0.2
2741,970,0.2
2742,970,0.2
2743,970,0.2
2744,980,0.2
2745,980,0.2
2746,970,0.2
2747,970,0.2
2748,970,0.2
2749,970,0.2
2750,970,0.2
2751,970,0.2
2752,970,0.2
2753,970,0.2
2754,970,0.2
2755,970,0.2
2756,970,0.2
2757,970,0.2
2758,970,0.2
2759,970,0.2
2760,970,0.2
2761,970,0.2
2762,970,0.2
2763,970,0.2
2764,970,0.2
2765,970,0.2
2766,970,0.2
2767,970,0.2
2768,970,0.2
2769,970,0.2
2770,970,0.2
2771,970,0.2
2772,970,0.2
2773,970,0.2
2774,970,0.2
2775,970,0.2
2776,970,0.2
2777,970,0.2
2778,970,0.2
2779,970,0.2
2780,970,0.2
2781,970,0.2
2782,970,0.2
2783,970,0.2
2784,970,0.2
2785,970,0.2
2786,970,0.2
2787,970,0.2
2788,970,0.2
2789,970,0.2
2790,970,0.2
2791,970,0.2
2792,970,0.2
2793,970,0.2
2794,970,0.2
2795,970,0.2
2796,970,0.2
2797,970,0.2
2798,970,0.2
2799,970,0.2
2800,970,0.2
2801,970,0.2
2802,970,0.2
2803,970,0.2
2804,970,0.2
2805,970,0.2
2806,970,0.2
2807,970,0.2
2808,970,0.2
2809,970,0.2
2810,960,0.2
2811,960,0.2
2812,970,0.2
2813,970,0.2
2814,960,0.2
2815,960,0.2
2816,960,0.2
2817,960,0.2
2818,970,0.2
2819,970,0.2
2820,970,0.2
2821,970,0.2
2822,970,0.2
2823,970,0.2
2824,970,0.2
2825,970,0.2
2826,960,0.2
2827,960,0.2
2828,960,0.2
2829,960,0.2
2830,960,0.2
2831,960,0.2
2832,960,0.2
2833,960,0.2
2834,960,0.2
2835,960,0.2
2836,960,0.2
2837,960,0.2
2838,960,0.2
2839,960,0.2
2840,960,0.2
2841,960,0.2
2842,960,0.2
2843,960,0.2
2844,960,0.2
2845,960,0.2
2846,960,0.2
2847,960,0.2
2848,960,0.2
2849,960,0.2
2850,960,0.2
2851,960,0.2
2852,960,0.2
2853,960,0.2
2854,960,0.2
2855,960,0.2
2856,960,0.2
2857,960,0.2
2858,960,0.2
2859,960,0.2
2860,960,0.2
2861,960,0.2
2862,960,0.2
2863,960,0.2
2864,960,0.2
2865,960,0.2
2866,960,0.2
2867,960,0.2
2868,960,0.2
2869,960,0.2
2870,960,0.2
2871,960,0.2
2872,960,0.2
2873,960,0.2
2874,960,0.2
2875,960,0.2
2876,960,0.2
2877,960,0.2
2878,960,0.2
2879,960,0.2
2880,960,0.2
2881,960,0.2
2882,960,0.2
2883,960,0.2
2884,960,0.2
2885,960,0.2
2886,960,0.2
2887,960,0.2
2888,960,0.2
2889,960,0.2
2890,960,0.2
2891,960,0.2
2892,960,0.2
2893,960,0.2
2894,960,0.2
2895,960,0.2
2896,960,0.2
2897,960,0.2
2898,960,0.2
2899,960,0.2
2900,960,0.2
2901,960,0.2
2902,960,0.2
2903,960,0.2
2904,960,0.2
2905,960,0.2
2906,960,0.2
2907,960,0.2
2908,960,0.2
2909,960,0.2
2910,960,0.2
2911,960,0.2
2912,960,0.2
2913,960,0.2
2914,960,0.2
2915,960,0.2
2916,960,0.2
2917,960,0.2
2918,960,0.2
2919,960,0.2
2920,960,0.2
2921,960,0.2
2922,960,0.2
2923,950,0.2
2924,950,0.2
2925,950,0.2
2926,950,0.2
2927,950,0.2
2928,950,0.2
2929,950,0.2
2930,950,0.2
2931,950,0.2
2932,950,0.2
2933,950,0.2
2934,950,0.2
2935,950,0.2
2936,950,0.2
2937,950,0.2
2938,950,0.2
2939,950,0.2
2940,950,0.2
2941,950,0.2
2942,950,0.2
2943,950,0.2
2944,950,0.2
2945,950,0.2
2946,950,0.2
2947,950,0.2
2948,950,0.2
2949,950,0.2
2950,950,0.2
2951,950,0.2
2952,950,0.2
2953,950,0.2
2954,950,0.2
2955,950,0.2
2956,950,0.2
2957,950,0.2
2958,950,0.2
2959,950,0.2
2960,950,0.2
2961,950,0.2
2962,950,0.2
2963,950,0.2
2964,950,0.2
2965,950,0.2
2966,950,0.2
2967,950,0.2
2968,950,0.2
2969,950,0.2
2970,950,0.2
2971,950,0.2
2972,950,0.2
2973,950,0.2
2974,950,0.2
2975,950,0.2
2976,950,0.2
2977,950,0.2
2978,950,0.2
2979,950,0.2
2980,950,0.2
2981,950,0.2
2982,950,0.2
2983,950,0.2
2984,950,0.2
2985,950,0.2
2986,950,0.2
2987,950,0.2
2988,950,0.2
2989,950,0.2
2990,950,0.2
2991,950,0.2
2992,950,0.2
2993,950,0.2
2994,950,0.2
2995,950,0.2
2996,950,0.2
2997,950,0.2
2998,950,0.2
2999,950,0.2
3000,950,0.2
3001,950,0.2
3002,950,0.2
3003,950,0.2
3004,950,0.2
3005,950,0.2
3006,950,0.2
3007,950,0.2
3008,950,0.2
3009,950,0.2
3010,950,0.2
3011,950,0.2
3012,950,0.2
3013,950,0.2
3014,950,0.2
3015,950,0.2
3016,950,0.2
3017,950,0.2
3018,950,0.2
3019,950,0.2
3020,950,0.2
3021,950,0.2
3022,950,0.2
3023,950,0.2
3024,950,0.2
3025,950,0.2
3026,950,0.2
3027,950,0.2
3028,950,0.2
3029,950,0.2
3030,950,0.2
3031,950,0.2
3032,950,0.2
3033,950,0.2
3034,950,0.2
3035,950,0.2
3036,950,0.2
3037,950,0.2
3038,950,0.2
3039,950,0.2
3040,950,0.2
3041,950,0.2
3042,950,0.2
3043,950,0.2
3044,940,0.2
3045,940,0.2
3046,940,0.2
3047,940,0.2
3048,940,0.2
3049,940,0.2
3050,940,0.2
3051,940,0.2
3052,940,0.2
3053,940,0.2
3054,940,0.2
3055,940,0.2
3056,940,0.2
3057,940,0.2
3058,940,0.2
3059,940,0.2
3060,940,0.2
3061,940,0.2
3062,940,0.2
3063,940,0.2
3064,940,0.2
3065,940,0.2
3066,940,0.2
3067,940,0.2
3068,940,0.2
3069,940,0.2
3070,940,0.2
3071,940,0.2
3072,940,0.2
3073,940,0.2
3074,940,0.2
3075,940,0.2
3076,940,0.2
3077,940,0.2
3078,940,0.2
3079,940,0.2
3080,940,0.2
3081,940,0.2
3082,940,0.2
3083,940,0.2
3084,940,0.2
3085,940,0.2
3086,940,0.2
3087,940,0.2
3088,940,0.2
3089,940,0.2
3090,940,0.2
3091,940,0.2
3092,940,0.2
3093,940,0.2
3094,940,0.2
3095,940,0.2
3096,940,0.2
3097,940,0.2
3098,940,0.2
3099,940,0.2
3100,940,0.2
3101,940,0.2
3102,940,0.2
3103,940,0.2
3104,940,0.2
3105,940,0.2
3106,940,0.2
3107,940,0.2
3108,940,0.2
3109,940,0.2
3110,940,0.2
3111,940,0.2
3112,940,0.2
3113,940,0.2
3114,940,0.2
3115,940,0.2
3116,940,0.2
3117,940,0.2
3118,940,0.2
3119,940,0.2
3120,940,0.2
3121,940,0.2
3122,940,0.2
3123,940,0.2
3124,940,0.2
3125,940,0.2
3126,940,0.2
3127,940,0.2
3128,940,0.2
3129,940,0.2
3130,940,0.2
3131,940,0.2
3132,940,0.2
3133,940,0.2
3134,940,0.2
3135,940,0.2
3136,940,0.2
3137,940,0.2
3138,940,0.2
3139,940,0.2
3140,940,0.2
3141,940,0.2
3142,940,0.2
3143,940,0.2
3144,940,0.2
3145,940,0.2
3146,940,0.2
3147,940,0.2
3148,940,0.2
3149,940,0.2
3150,940,0.2
3151,940,0.2
3152,940,0.2
3153,940,0.2
3154,940,0.2
3155,940,0.2
3156,940,0.2
3157,940,0.2
3158,940,0.2
3159,940,0.2
3160,940,0.2
3161,940,0.2
3162,940,0.2
3163,940,0.2
3164,940,0.2
3165,940,0.2
3166,940,0.2
3167,940,0.2
3168,940,0.2
3169,940,0.2
3170,940,0.2
3171,940,0.2
3172,940,0.2
3173,940,0.2
3174,940,0.2
3175,940,0.2
3176,940,0.2
3177,940,0.2
3178,940,0.2
3179,940,0.2
3180,940,0.2
3181,940,0.2
3182,940,0.2
3183,940,0.2
3184,940,0.2
3185,940,0.2
3186,940,0.2
3187,940,0.2
3188,940,0.2
3189,940,0.2
3190,940,0.2
3191,940,0.2
3192,940,0.2
3193,940,0.2
3194,940,0.2
3195,940,0.2
3196,940,0.2
3197,940,0.2
3198,940,0.2
3199,940,0.2
3200,940,0.2
3201,940,0.2
3202,940,0.2
3203,940,0.2
3204,940,0.2
3205,940,0.2
3206,940,0.2
3207,940,0.2
3208,940,0.2
3209,940,0.2
3210,940,0.2
3211,940,0.2
3212,940,0.2
3213,940,0.2
3214,940,0.2
3215,940,0.2
3216,940,0.2
3217,940,0.2
3218,940,0.2
3219,940,0.2
3220,940,0.2
3221,940,0.2
3222,940,0.2
3223,940,0.2
3224,940,0.2
3225,940,0.2
3226,940,0.2
3227,940,0.2
3228,940,0.2
3229,940,0.2
3230,940,0.2
3231,940,0.2
3232,940,0.2
3233,940,0.2
3234,940,0.2
3235,940,0.2
3236,940,0.2
3237,940,0.2
3238,930,0.2
3239,930,0.2
3240,930,0.2
3241,930,0.2
3242,930,0.2
3243,930,0.2
3244,930,0.2
3245,930,0.2
3246,930,0.2
3247,930,0.2
3248,930,0.2
3249,930,0.2
3250,930,0.2
3251,930,0.2
3252,930,0.2
3253,930,0.2
3254,930,0.2
3255,930,0.2
3256,930,0.2
3257,930,0.2
3258,930,0.2
3259,930,0.2
3260,930,0.2
3261,930,0.2
3262,930,0.2
3263,930,0.2
3264,930,0.2
3265,930,0.2
3266,930,0.2
3267,930,0.2
3268,930,0.2
3269,930,0.2
3270,930,0.2
3271,930,0.2
3272,930,0.2
3273,930,0.2
3274,930,0.2
3275,930,0.2
3276,930,0.2
3277,930,0.2
3278,930,0.2
3279,930,0.2
3280,930,0.2
3281,930,0.2
3282,930,0.2
3283,930,0.2
3284,930,0.2
3285,930,0.2
3286,930,0.2
3287,930,0.2
3288,930,0.2
3289,930,0.2
3290,930,0.2
3291,930,0.2
3292,930,0.2
3293,930,0.2
3294,930,0.2
3295,930,0.2
3296,920,0.2
3297,920,0.2
3298,930,0.2
3299,930,0.2
3300,930,0.2
3301,930,0.2
3302,930,0.2
3303,930,0.2
3304,920,0.2
3305,920,0.2
3306,930,0.2
3307,930,0.2
3308,920,0.2
3309,920,0.2
3310,920,0.2
3311,920,0.2
3312,920,0.2
3313,920,0.2
3314,920,0.2
3315,920,0.2
3316,920,0.2
3317,920,0.2
3318,920,0.2
3319,920,0.2
3320,920,0.2
3321,920,0.2
3322,920,0.2
3323,920,0.2
3324,920,0.2
3325,920,0.2
3326,920,0.2
3327,920,0.2
3328,920,0.2
3329,920,0.2
3330,920,0.2
3331,920,0.2
3332,920,0.2
3333,920,0.2
3334,920,0.2
3335,920,0.2
3336,920,0.2
3337,920,0.2
3338,920,0.2
3339,920,0.2
3340,920,0.2
3341,920,0.2
3342,920,0.2
3343,920,0.2
3344,920,0.2
3345,920,0.2
3346,920,0.2
3347,920,0.2
3348,920,0.2
3349,920,0.2
3350,920,0.2
3351,920,0.2
3352,920,0.2
3353,920,0.2
3354,920,0.2
3355,920,0.2
3356,920,0.2
3357,920,0.2
3358,920,0.2
3359,920,0.2
3360,920,0.2
3361,920,0.2
3362,920,0.2
3363,920,0.2
3364,920,0.2
3365,920,0.2
3366,920,0.2
3367,920,0.2
3368,920,0.2
3369,920,0.2
3370,920,0.2
3371,920,0.2
3372,920,0.2
3373,920,0.2
3374,920,0.2
3375,920,0.2
3376,920,0.2
3377,920,0.2
3378,920,0.2
3379,920,0.2
3380,920,0.2
3381,920,0.2
3382,920,0.2
3383,920,0.2
3384,920,0.2
3385,920,0.2
3386,920,0.2
3387,920,0.2
3388,920,0.2
3389,920,0.2
3390,920,0.2
3391,920,0.2
3392,920,0.2
3393,920,0.2
3394,920,0.2
3395,920,0.2
3396,920,0.2
3397,920,0.2
3398,920,0.2
3399,920,0.2
3400,920,0.2
3401,920,0.2
3402,920,0.2
3403,920,0.2
3404,920,0.2
3405,920,0.2
3406,920,0.2
3407,920,0.2
3408,920,0.2
3409,920,0.2
3410,920,0.2
3411,920,0.2
3412,920,0.2
3413,920,0.2
3414,920,0.2
3415,920,0.2
3416,920,0.2
3417,920,0.2
3418,920,0.2
3419,920,0.2
3420,920,0.2
3421,920,0.2
3422,920,0.2
3423,920,0.2
3424,920,0.2
3425,920,0.2
3426,920,0.2
3427,920,0.2
3428,920,0.2
3429,920,0.2
3430,920,0.2
3431,920,0.2
3432,920,0.2
3433,920,0.2
3434,920,0.2
3435,920,0.2
3436,920,0.2
3437,920,0.2
3438,920,0.2
3439,920,0.2
3440,920,0.2
3441,920,0.2
3442,920,0.2
3443,920,0.2
3444,920,0.2
3445,920,0.2
3446,920,0.2
3447,920,0.2
3448,920,0.2
3449,920,0.2
3450,920,0.2
3451,920,0.2
3452,920,0.2
3453,920,0.2
3454,920,0.2
3455,920,0.2
3456,920,0.2
3457,920,0.2
3458,920,0.2
3459,920,0.2
3460,920,0.2
3461,920,0.2
3462,920,0.2
3463,920,0.2
3464,920,0.2
3465,920,0.2
3466,920,0.2
3467,920,0.2
3469,920,0.2
3470,920,0.2
3471,920,0.2
3472,920,0.2
3473,920,0.2
3474,920,0.2
3475,920,0.2
3476,920,0.2
3477,920,0.2
3478,920,0.2
3479,920,0.2
3480,920,0.2
3481,920,0.2
3482,920,0.2
3483,920,0.2
3484,920,0.2
3485,920,0.2
3486,920,0.2
3487,920,0.2
3488,920,0.2
3489,920,0.2
3490,920,0.2
3491,920,0.2
3492,920,0.2
3493,920,0.2
3494,920,0.2
3495,920,0.2
3496,920,0.2
3497,920,0.2
3498,920,0.2
3499,920,0.2
3500,920,0.2
3501,920,0.2
3502,920,0.2
3503,920,0.2
3504,920,0.2
3505,920,0.2
3506,920,0.2
3507,920,0.2
3508,920,0.2
3509,920,0.2
3510,920,0.2
3511,920,0.2
3512,920,0.2
3513,920,0.2
3514,920,0.2
3515,920,0.2
3516,920,0.2
3517,920,0.2
3518,920,0.2
3519,920,0.2
3520,920,0.2
3521,920,0.2
3522,920,0.2
3523,920,0.2
3524,920,0.2
3525,920,0.2
3526,920,0.2
3527,920,0.2
3528,920,0.2
3529,920,0.2
3530,920,0.2
3531,920,0.2
3532,920,0.2
3533,920,0.2
3534,920,0.2
3535,920,0.2
3536,920,0.2
3537,920,0.2
3538,920,0.2
3539,920,0.2
3540,920,0.2
3541,920,0.2
3542,920,0.2
3543,920,0.2
3544,920,0.2
3545,920,0.2
3546,920,0.2
3547,920,0.2
3548,920,0.2
3549,920,0.2
3550,920,0.2
3551,920,0.2
3552,920,0.2
3553,920,0.2
3554,920,0.2
3555,920,0.2
3556,920,0.2
3557,920,0.2
3558,920,0.2
3559,920,0.2
3560,920,0.2
3561,920,0.2
3562,920,0.2
3563,920,0.2
3564,920,0.2
3565,920,0.2
3566,920,0.2
3567,920,0.2
3568,920,0.2
3569,920,0.2
3570,920,0.2
3571,920,0.2
3572,920,0.2
3573,920,0.2
3574,920,0.2
3575,920,0.2
3576,920,0.2
3577,920,0.2
3578,920,0.2
3579,920,0.2
3580,920,0.2
3581,920,0.2
3582,920,0.2
3583,920,0.2
3584,920,0.2
3585,920,0.2
3586,920,0.2
3587,920,0.2
3588,920,0.2
3589,920,0.2
3590,920,0.2
3591,920,0.2
3592,920,0.2
3593,920,0.2
3594,920,0.2
3595,920,0.2
3596,920,0.2
3597,920,0.2
3598,920,0.2
3599,920,0.2
3600,920,0.2
3601,920,0.2
3602,920,0.2
3603,920,0.2
3604,920,0.2
3605,920,0.2
3606,920,0.2
3607,920,0.2
3608,920,0.2
3609,920,0.2
3610,920,0.2
3611,920,0.2
3612,920,0.2
3613,920,0.2
3614,920,0.2
3615,920,0.2
3616,920,0.2
3617,920,0.2
3618,920,0.2
3619,920,0.2
3620,920,0.2
3621,920,0.2
3622,920,0.2
3623,920,0.2
3624,920,0.2
3625,920,0.2
3626,920,0.2
3627,920,0.2
3628,920,0.2
3629,920,0.2
3630,920,0.2
3631,920,0.2
3632,920,0.2
3633,920,0.2
3634,920,0.2
3635,920,0.2
3636,920,0.2
3637,920,0.2
3638,920,0.2
3639,920,0.2
3640,920,0.2
3641,920,0.2
3642,920,0.2
3643,920,0.2
3644,920,0.2
3645,920,0.2
3646,920,0.2
3647,920,0.2
3648,920,0.2
3649,920,0.2
3650,920,0.2
3651,920,0.2
3652,920,0.2
3653,920,0.2
3654,920,0.2
3655,920,0.2
3656,920,0.2
3657,920,0.2
3658,910,0.2
3659,910,0.2
3660,910,0.2
3661,910,0.2
3662,910,0.2
3663,910,0.2
3664,910,0.2
3665,910,0.2
3666,910,0.2
3667,910,0.2
3668,910,0.2
3669,910,0.2
3670,910,0.2
3671,910,0.2
3672,910,0.2
3673,910,0.2
3674,910,0.2
3675,910,0.2
3676,910,0.2
3677,910,0.2
3678,910,0.2
3679,910,0.2
3680,910,0.2
3681,910,0.2
3682,910,0.2
3683,910,0.2
3684,910,0.2
3685,910,0.2
3686,910,0.2
3687,910,0.2
3688,910,0.2
3689,910,0.2
3690,910,0.2
3691,910,0.2
3692,910,0.2
3693,910,0.2
3694,910,0.2
3695,910,0.2
3696,910,0.2
3697,910,0.2
3698,910,0.2
3699,910,0.2
3700,910,0.2
3701,910,0.2
3702,910,0.2
3703,910,0.2
3704,910,0.2
3705,910,0.2
3706,910,0.2
3707,910,0.2
3708,910,0.2
3709,910,0.2
3710,910,0.2
3711,910,0.2
3712,910,0.2
3713,910,0.2
3714,910,0.2
3715,910,0.2
3716,910,0.2
3717,910,0.2
3718,910,0.2
3719,910,0.2
3720,910,0.2
3721,910,0.2
3722,910,0.2
3723,910,0.2
3724,910,0.2
3725,910,0.2
3726,910,0.2
3727,910,0.2
3728,910,0.2
3729,910,0.2
3730,910,0.2
3731,910,0.2
3732,910,0.2
3733,910,0.2
3734,910,0.2
3735,910,0.2
3736,910,0.2
3737,910,0.2
3738,910,0.2
3739,910,0.2
3740,910,0.2
3741,910,0.2
3742,910,0.2
3743,910,0.2
3744,910,0.2
3745,910,0.2
3746,910,0.2
3747,900,0.2
3748,900,0.2
3749,900,0.2
3750,900,0.2
3751,900,0.2
3752,900,0.2
3753,900,0.2
3754,900,0.2
3755,900,0.2
3756,900,0.2
3757,900,0.2
3758,900,0.2
3759,900,0.2
3760,900,0.2
3761,900,0.2
3762,900,0.2
3763,900,0.2
3764,900,0.2
3765,900,0.2
3766,900,0.2
3767,900,0.2
3768,900,0.2
3769,900,0.2
3770,900,0.2
3771,900,0.2
3772,900,0.2
3773,900,0.2
3774,900,0.2
3775,900,0.2
3776,900,0.2
3777,900,0.2
3778,900,0.2
3779,900,0.2
3780,900,0.2
3781,900,0.2
3782,900,0.2
3783,900,0.2
3784,900,0.2
3785,900,0.2
3786,910,0.2
3787,910,0.2
3788,910,0.2
3789,910,0.2
3790,910,0.2
3791,910,0.2
3792,900,0.2
3793,900,0.2
3794,900,0.2
3795,900,0.2
3796,900,0.2
3797,900,0.2
3798,900,0.2
3799,900,0.2
3800,900,0.2
3801,900,0.2
3802,900,0.2
3803,900,0.2
3804,900,0.2
3805,900,0.2
3806,900,0.2
3807,900,0.2
3808,900,0.2
3809,900,0.2
3810,900,0.2
3811,900,0.2
3812,900,0.2
3813,900,0.2
3814,900,0.2
3815,900,0.2
3816,900,0.2
3817,900,0.2
3818,900,0.2
3819,900,0.2
3820,900,0.2
3821,900,0.2
3822,900,0.2
3823,900,0.2
3824,900,0.2
3825,900,0.2
3826,900,0.2
3827,900,0.2
3828,900,0.2
3829,900,0.2
3830,900,0.2
3831,900,0.2
3832,900,0.2
3833,900,0.2
3834,900,0.2
3835,900,0.2
3836,900,0.2
3837,900,0.2
3838,900,0.2
3839,900,0.2
3840,900,0.2
3841,900,0.2
3842,900,0.2
3843,900,0.2
3844,900,0.2
3845,900,0.2
3846,900,0.2
3847,900,0.2
3848,900,0.2
3849,900,0.2
3850,900,0.2
3851,900,0.2
3852,900,0.2
3853,900,0.2
3854,900,0.2
3855,900,0.2
3856,900,0.2
3857,900,0.2
3858,900,0.2
3859,900,0.2
3860,900,0.2
3861,900,0.2
3862,900,0.2
3863,900,0.2
3864,900,0.2
3865,900,0.2
3866,900,0.2
3867,900,0.2
3868,900,0.2
3869,900,0.2
3870,900,0.2
3871,900,0.2
3872,900,0.2
3873,900,0.2
3874,900,0.2
3875,900,0.2
3876,900,0.2
3877,900,0.2
3878,900,0.2
3879,900,0.2
3880,900,0.2
3881,900,0.2
3882,900,0.2
3883,900,0.2
3884,900,0.2
3885,900,0.2
3886,900,0.2
3887,900,0.2
3888,900,0.2
3889,900,0.2
3890,900,0.2
3891,900,0.2
3892,900,0.2
3893,900,0.2
3894,900,0.2
3895,900,0.2
3896,900,0.2
3897,900,0.2
3898,900,0.2
3899,900,0.2
3900,900,0.2
3901,900,0.2
3902,900,0.2
3903,900,0.2
3904,900,0.2
3905,900,0.2
3906,900,0.2
3907,900,0.2
3908,900,0.2
3909,900,0.2
3910,900,0.2
3911,900,0.2
3912,900,0.2
3913,900,0.2
3914,900,0.2
3915,900,0.2
3916,900,0.2
3917,900,0.2
3918,900,0.2
3919,900,0.2
3920,900,0.2
3921,900,0.2
3922,900,0.2
3923,900,0.2
3924,900,0.2
3925,900,0.2
3926,900,0.2
3927,900,0.2
3928,900,0.2
3929,900,0.2
3930,900,0.2
3931,900,0.2
3932,900,0.2
3933,900,0.2
3934,900,0.2
3935,900,0.2
3936,900,0.2
3937,900,0.2
3938,900,0.2
3939,900,0.2
3940,900,0.2
3941,900,0.2
3942,900,0.2
3943,900,0.2
3944,900,0.2
3945,900,0.2
3946,900,0.2
3947,900,0.2
3948,900,0.2
3949,900,0.2
3950,900,0.2
3951,900,0.2
3952,900,0.2
3953,900,0.2
3954,900,0.2
3955,900,0.2
3956,900,0.2
3957,900,0.2
3958,900,0.2
3959,900,0.2
3960,900,0.2
3961,900,0.2
3962,900,0.2
3963,900,0.2
3964,900,0.2
3965,900,0.2
3966,900,0.2
3967,900,0.2
3968,900,0.2
3969,900,0.2
3970,900,0.2
3971,900,0.2
3972,900,0.2
3973,900,0.2
3974,900,0.2
3975,900,0.2
3976,900,0.2
3977,900,0.2
3978,900,0.2
3979,900,0.2
3980,900,0.2
3981,900,0.2
3982,900,0.2
3983,900,0.2
3984,900,0.2
3985,900,0.2
3986,900,0.2
3987,900,0.2
3988,900,0.2
3989,900,0.2
3990,900,0.2
3991,900,0.2
3992,900,0.2
3993,900,0.2
3994,900,0.2
3995,900,0.2
3996,900,0.2
3997,900,0.2
3998,900,0.2
3999,900,0.2
4000,900,0.2
4001,900,0.2
4002,900,0.2
4003,900,0.2
4004,900,0.2
4005,900,0.2
4006,900,0.2
4007,900,0.2
4008,900,0.2
4009,900,0.2
4010,900,0.2
4011,900,0.2
4012,900,0.2
4013,900,0.2
4014,900,0.2
4015,900,0.2
4016,900,0.2
4017,900,0.2
4018,900,0.2
4019,900,0.2
4020,900,0.2
4021,900,0.2
4022,900,0.2
4023,900,0.2
4024,900,0.2
4025,900,0.2
4026,900,0.2
4027,900,0.2
4028,900,0.2
4029,900,0.2
4030,900,0.2
4031,900,0.2
4032,900,0.2
4033,900,0.2
4034,900,0.2
4035,900,0.2
4036,900,0.2
4037,900,0.2
4038,900,0.2
4039,900,0.2
4040,900,0.2
4041,900,0.2
4042,900,0.2
4043,900,0.2
4044,900,0.2
4045,900,0.2
4046,900,0.2
4047,900,0.2
4048,900,0.2
4049,900,0.2
4050,900,0.2
4051,900,0.2
4052,890,0.2
4053,890,0.2
4054,890,0.2
4055,890,0.2
4056,890,0.2
4057,890,0.2
4058,890,0.2
4059,890,0.2
4060,890,0.2
4061,890,0.2
4062,890,0.2
4063,890,0.2
4064,890,0.2
4065,890,0.2
4066,890,0.2
4067,890,0.2
4068,890,0.2
4069,890,0.2
4070,890,0.2
4071,890,0.2
4072,890,0.2
4073,890,0.2
4074,890,0.2
4075,890,0.2
4076,890,0.2
4077,890,0.2
4078,890,0.2
4079,890,0.2
4080,890,0.2
4081,890,0.2
4082,890,0.2
4083,890,0.2
4084,890,0.2
4085,890,0.2
4086,890,0.2
4087,890,0.2
4088,890,0.2
4089,890,0.2
4090,890,0.2
4091,890,0.2
4092,890,0.2
4093,890,0.2
4094,890,0.2
4095,890,0.2
4096,890,0.2
4097,890,0.2
4098,890,0.2
4099,890,0.2
4100,890,0.2
4101,890,0.2
4102,890,0.2
4103,890,0.2
4104,890,0.2
4105,890,0.2
4106,890,0.2
4107,890,0.2
4108,890,0.2
4109,890,0.2
4110,890,0.2
4111,890,0.2
4112,890,0.2
4113,890,0.2
4114,890,0.2
4115,890,0.2
4116,890,0.2
4117,890,0.2
4118,890,0.2
4119,890,0.2
4120,890,0.2
4121,890,0.2
4122,890,0.2
4123,890,0.2
4124,890,0.2
4125,890,0.2
4126,890,0.2
4127,890,0.2
4128,890,0.2
4129,890,0.2
4130,890,0.2
4131,890,0.2
4132,890,0.2
4133,890,0.2
4134,890,0.2
4135,890,0.2
4136,890,0.2
4137,890,0.2
4138,890,0.2
4139,890,0.2
4140,890,0.2
4141,890,0.2
4142,890,0.2
4143,890,0.2
4144,890,0.2
4145,890,0.2
4146,890,0.2
4147,890,0.2
4148,890,0.2
4149,890,0.2
4150,890,0.2
4151,890,0.2
4152,890,0.2
4153,890,0.2
4154,890,0.2
4155,890,0.2
4156,890,0.2
4157,890,0.2
4158,890,0.2
4159,890,0.2
4160,890,0.2
4161,890,0.2
4162,890,0.2
4163,890,0.2
4164,890,0.2
4165,890,0.2
4166,890,0.2
4167,890,0.2
4168,890,0.2
4169,890,0.2
4170,890,0.2
4171,890,0.2
4172,890,0.2
4173,890,0.2
4174,890,0.2
4175,890,0.2
4176,890,0.2
4177,890,0.2
4178,890,0.2
4179,890,0.2
4180,890,0.2
4181,890,0.2
4182,890,0.2
4183,890,0.2
4184,890,0.2
4185,890,0.2
4186,890,0.2
4187,890,0.2
4188,890,0.2
4189,890,0.2
4190,890,0.2
4191,890,0.2
4192,890,0.2
4193,890,0.2
4194,890,0.2
4195,890,0.2
4196,890,0.2
4197,890,0.2
4198,890,0.2
4199,890,0.2
4200,890,0.2
4201,890,0.2
4202,890,0.2
4203,890,0.2
4204,890,0.2
4205,890,0.2
4206,890,0.2
4207,890,0.2
4208,890,0.2
4209,890,0.2
4210,890,0.2
4211,890,0.2
4212,890,0.2
4213,890,0.2
4214,890,0.2
4215,890,0.2
4216,890,0.2
4217,890,0.2
4218,890,0.2
4219,890,0.2
4220,890,0.2
4221,890,0.2
4222,890,0.2
4223,890,0.2
4224,890,0.2
4225,890,0.2
4226,890,0.2
4227,890,0.2
4228,890,0.2
4229,890,0.2
4230,890,0.2
4231,890,0.2
4232,890,0.2
4233,890,0.2
4234,890,0.2
4235,890,0.2
4236,890,0.2
4237,890,0.2
4238,890,0.2
4239,890,0.2
4240,890,0.2
4241,890,0.2
4242,890,0.2
4243,890,0.2
4244,890,0.2
4245,890,0.2
4246,890,0.2
4247,890,0.2
4248,890,0.2
4249,890,0.2
4250,890,0.2
4251,890,0.2
4252,890,0.2
4253,890,0.2
4254,890,0.2
4255,890,0.2
4256,890,0.2
4257,890,0.2
4258,890,0.2
4259,890,0.2
4260,890,0.2
4261,890,0.2
4262,890,0.2
4263,890,0.2
4264,890,0.2
4265,890,0.2
4266,890,0.2
4267,890,0.2
4268,890,0.2
4269,890,0.2
4270,890,0.2
4271,890,0.2
4272,890,0.2
4273,890,0.2
4274,890,0.2
4275,890,0.2
4276,890,0.2
4277,890,0.2
4278,890,0.2
4279,890,0.2
4280,890,0.2
4281,890,0.2
4282,890,0.2
4283,890,0.2
4284,890,0.2
4285,890,0.2
4286,890,0.2
4287,890,0.2
4288,880,0.2
4289,880,0.2
4290,880,0.2
4291,880,0.2
4292,890,0.2
4293,890,0.2
4294,880,0.2
4295,880,0.2
4296,880,0.2
4297,880,0.2
4298,880,0.2
4299,880,0.2
4300,880,0.2
4301,880,0.2
4302,880,0.2
4303,880,0.2
4304,880,0.2
4305,880,0.2
4306,880,0.2
4307,880,0.2
4308,880,0.2
4309,880,0.2
4310,880,0.2
4311,880,0.2
4312,880,0.2
4313,880,0.2
4314,880,0.2
4315,880,0.2
4316,880,0.2
4317,880,0.2
4318,880,0.2
4319,880,0.2
4320,880,0.2
4321,880,0.2
4322,880,0.2
4323,880,0.2
4324,880,0.2
4325,880,0.2
4326,880,0.2
4327,880,0.2
4328,880,0.2
4329,880,0.2
4330,880,0.2
4331,880,0.2
4332,880,0.2
4333,880,0.2
4334,880,0.2
4335,880,0.2
4336,880,0.2
4337,880,0.2
4338,880,0.2
4339,880,0.2
4340,880,0.2
4341,880,0.2
4342,880,0.2
4343,880,0.2
4344,880,0.2
4345,880,0.2
4346,880,0.2
4347,880,0.2
4348,880,0.2
4349,880,0.2
4350,880,0.2
4351,880,0.2
4352,880,0.2
4353,880,0.2
4354,880,0.2
4355,880,0.2
4356,880,0.2
4357,880,0.2
4358,880,0.2
4359,880,0.2
4360,880,0.2
4361,880,0.2
4362,880,0.2
4363,880,0.2
4364,880,0.2
4365,880,0.2
4366,880,0.2
4367,880,0.2
4368,880,0.2
4369,880,0.2
4370,880,0.2
4371,880,0.2
4372,880,0.2
4373,880,0.2
4374,880,0.2
4375,880,0.2
4376,880,0.2
4377,880,0.2
4378,880,0.2
4379,880,0.2
4380,880,0.2
4381,880,0.2
4382,880,0.2
4383,880,0.2
4384,880,0.2
4385,880,0.2
4386,880,0.2
4387,880,0.2
4388,880,0.2
4389,880,0.2
4390,880,0.2
4391,880,0.2
4392,880,0.2
4393,880,0.2
4394,880,0.2
4395,880,0.2
4396,880,0.2
4397,880,0.2
4398,880,0.2
4399,880,0.2
4400,880,0.2
4401,880,0.2
4402,880,0.2
4403,880,0.2
4404,880,0.2
4405,880,0.2
4406,880,0.2
4407,880,0.2
4408,880,0.2
4409,880,0.2
4410,880,0.2
4411,880,0.2
4412,880,0.2
4413,880,0.2
4414,880,0.2
4415,880,0.2
4416,880,0.2
4417,880,0.2
4418,880,0.2
4419,880,0.2
4420,880,0.2
4421,880,0.2
4422,880,0.2
4423,880,0.2
4424,880,0.2
4425,880,0.2
4426,880,0.2
4427,880,0.2
4428,880,0.2
4429,880,0.2
4430,880,0.2
4431,880,0.2
4432,880,0.2
4433,880,0.2
4434,880,0.2
4435,880,0.2
4436,880,0.2
4437,880,0.2
4438,880,0.2
4439,880,0.2
4440,880,0.2
4441,880,0.2
4442,880,0.2
4443,880,0.2
4445,880,0.2
4446,880,0.2
4447,880,0.2
4448,880,0.2
4449,880,0.2
4450,880,0.2
4451,880,0.2
4452,880,0.2
4453,880,0.2
4454,880,0.2
4455,880,0.2
4456,880,0.2
4457,880,0.2
4458,880,0.2
4459,880,0.2
4460,880,0.2
4461,880,0.2
4462,880,0.2
4463,880,0.2
4464,880,0.2
4465,880,0.2
4466,880,0.2
4467,880,0.2
4468,880,0.2
4469,880,0.2
4470,880,0.2
4471,880,0.2
4472,880,0.2
4473,880,0.2
4474,880,0.2
4475,880,0.2
4476,880,0.2
4477,880,0.2
4478,880,0.2
4479,880,0.2
4480,880,0.2
4481,880,0.2
4482,880,0.2
4483,880,0.2
4484,880,0.2
4485,880,0.2
4486,880,0.2
4487,880,0.2
4488,880,0.2
4489,880,0.2
4490,880,0.2
4491,880,0.2
4492,880,0.2
4493,880,0.2
4494,880,0.2
4495,880,0.2
4496,880,0.2
4497,880,0.2
4498,880,0.2
4499,880,0.2
4500,880,0.2
4501,880,0.2
4502,880,0.2
4503,880,0.2
4504,880,0.2
4505,880,0.2
4506,880,0.2
4507,880,0.2
4508,880,0.2
4509,880,0.2
4510,880,0.2
4511,880,0.2
4512,880,0.2
4513,880,0.2
4514,880,0.2
4515,880,0.2
4516,880,0.2
4517,880,0.2
4518,880,0.2
4519,880,0.2
4520,880,0.2
4521,880,0.2
4522,880,0.2
4523,880,0.2
4524,880,0.2
4525,880,0.2
4526,880,0.2
4527,880,0.2
4528,880,0.2
4529,880,0.2
4530,880,0.2
4531,880,0.2
4532,880,0.2
4533,880,0.2
4534,880,0.2
4535,880,0.2
4536,880,0.2
4537,880,0.2
4538,880,0.2
4539,880,0.2
4540,880,0.2
4541,880,0.2
4542,880,0.2
4543,880,0.2
4544,880,0.2
4545,880,0.2
4546,880,0.2
4547,880,0.2
4548,880,0.2
4549,880,0.2
4550,880,0.2
4551,880,0.2
4552,880,0.2
4553,880,0.2
4554,880,0.2
4555,880,0.2
4556,880,0.2
4557,880,0.2
4558,880,0.2
4559,880,0.2
4560,880,0.2
4561,870,0.2
4562,870,0.2
4563,870,0.2
4564,870,0.2
4565,870,0.2
4566,870,0.2
4567,870,0.2
4568,870,0.2
4569,870,0.2
4570,870,0.2
4571,870,0.2
4572,870,0.2
4573,870,0.2
4574,870,0.2
4575,870,0.2
4576,870,0.2
4577,870,0.2
4578,870,0.2
4579,870,0.2
4580,870,0.2
4581,870,0.2
4582,870,0.2
4583,870,0.2
4584,870,0.2
4585,870,0.2
4586,870,0.2
4587,870,0.2
4588,870,0.2
4589,870,0.2
4590,870,0.2
4591,870,0.2
4592,870,0.2
4593,870,0.2
4594,870,0.2
4595,870,0.2
4596,870,0.2
4597,870,0.2
4598,870,0.2
4599,870,0.2
4600,870,0.2
4601,870,0.2
4602,870,0.2
4603,870,0.2
4604,870,0.2
4605,870,0.2
4606,870,0.2
4607,870,0.2
4608,870,0.2
4609,870,0.2
4610,870,0.2
4611,870,0.2
4612,870,0.2
4613,870,0.2
4614,870,0.2
4615,870,0.2
4616,870,0.2
4617,870,0.2
4618,870,0.2
4619,870,0.2
4620,870,0.2
4621,870,0.2
4622,880,0.2
4623,880,0.2
4624,870,0.2
4625,870,0.2
4626,870,0.2
4627,870,0.2
4628,870,0.2
4629,870,0.2
4630,870,0.2
4631,870,0.2
4632,870,0.2
4633,870,0.2
4634,870,0.2
4635,870,0.2
4636,870,0.2
4637,870,0.2
4638,870,0.2
4639,870,0.2
4640,870,0.2
4641,870,0.2
4642,870,0.2
4643,870,0.2
4644,870,0.2
4645,870,0.2
4646,870,0.2
4647,870,0.2
4648,870,0.2
4649,870,0.2
4650,870,0.2
4651,870,0.2
4652,870,0.2
4653,870,0.2
4654,870,0.2
4655,870,0.2
4656,870,0.2
4657,870,0.2
4658,870,0.2
4659,870,0.2
4660,870,0.2
4661,870,0.2
4662,870,0.2
4663,870,0.2
4664,870,0.2
4665,870,0.2
4666,870,0.2
4667,870,0.2
4668,870,0.2
4669,870,0.2
4670,870,0.2
4671,870,0.2
4672,870,0.2
4673,870,0.2
4674,870,0.2
4675,870,0.2
4676,870,0.2
4677,870,0.2
4678,870,0.2
4679,870,0.2
4680,870,0.2
4681,870,0.2
4682,870,0.2
4683,870,0.2
4684,870,0.2
4685,870,0.2
4686,870,0.2
4687,870,0.2
4688,870,0.2
4689,870,0.2
4690,870,0.2
4691,870,0.2
4692,870,0.2
4693,870,0.2
4694,870,0.2
4695,870,0.2
4696,870,0.2
4697,870,0.2
4698,870,0.2
4699,870,0.2
4700,870,0.2
4701,870,0.2
4702,870,0.2
4703,870,0.2
4704,870,0.2
4705,870,0.2
4706,870,0.2
4707,870,0.2
4708,870,0.2
4709,870,0.2
4710,870,0.2
4711,870,0.2
4712,870,0.2
4713,870,0.2
4714,870,0.2
4715,870,0.2
4716,870,0.2
4717,870,0.2
4718,870,0.2
4719,870,0.2
4720,870,0.2
4721,870,0.2
4722,870,0.2
4723,870,0.2
4724,870,0.2
4725,870,0.2
4726,870,0.2
4727,870,0.2
4728,870,0.2
4729,870,0.2
4730,870,0.2
4731,870,0.2
4732,870,0.2
4733,870,0.2
4734,870,0.2
4735,870,0.2
4736,870,0.2
4737,870,0.2
4738,870,0.2
4739,870,0.2
4740,870,0.2
4741,870,0.2
4742,870,0.2
4743,870,0.2
4744,870,0.2
4745,870,0.2
4746,870,0.2
4747,870,0.2
4748,870,0.2
4749,870,0.2
4750,870,0.2
4751,870,0.2
4752,870,0.2
4753,870,0.2
4754,870,0.2
4755,870,0.2
4756,870,0.2
4757,870,0.2
4758,870,0.2
4759,870,0.2
4760,870,0.2
4761,870,0.2
4762,870,0.2
4763,870,0.2
4764,870,0.2
4765,870,0.2
4766,870,0.2
4767,870,0.2
4768,870,0.2
4769,870,0.2
4770,870,0.2
4771,870,0.2
4772,870,0.2
4773,870,0.2
4774,870,0.2
4775,870,0.2
4776,870,0.2
4777,870,0.2
4778,870,0.2
4779,870,0.2
4780,870,0.2
4781,870,0.2
4782,870,0.2
4783,870,0.2
4784,870,0.2
4785,870,0.2
4786,870,0.2
4787,870,0.2
4788,870,0.2
4789,870,0.2
4790,870,0.2
4791,870,0.2
4792,870,0.2
4793,860,0.2
4794,860,0.2
4795,870,0.2
4796,870,0.2
4797,860,0.2
4798,860,0.2
4799,870,0.2
4800,870,0.2
4801,860,0.2
4802,860,0.2
4803,870,0.2
4804,870,0.2
4805,860,0.2
4806,860,0.2
4807,860,0.2
4808,860,0.2
4809,860,0.2
4810,860,0.2
4811,860,0.2
4812,860,0.2
4813,860,0.2
4814,860,0.2
4815,860,0.2
4816,860,0.2
4817,860,0.2
4818,860,0.2
4819,860,0.2
4820,860,0.2
4821,860,0.2
4822,860,0.2
4823,860,0.2
4824,860,0.2
4825,860,0.2
4826,860,0.2
4827,860,0.2
4828,860,0.2
4829,860,0.2
4830,860,0.2
4831,860,0.2
4832,860,0.2
4833,860,0.2
4834,860,0.2
4835,860,0.2
4836,860,0.2
4837,860,0.2
4838,860,0.2
4839,860,0.2
4840,860,0.2
4841,860,0.2
4842,860,0.2
4843,860,0.2
4844,860,0.2
4845,860,0.2
4846,860,0.2
4847,860,0.2
4848,860,0.2
4849,860,0.2
4850,860,0.2
4851,860,0.2
4852,860,0.2
4853,860,0.2
4854,860,0.2
4855,860,0.2
4856,860,0.2
4857,860,0.2
4858,860,0.2
4859,860,0.2
4860,860,0.2
4861,860,0.2
4862,860,0.2
4863,860,0.2
4864,860,0.2
4865,860,0.2
4866,860,0.2
4867,860,0.2
4868,860,0.2
4869,860,0.2
4870,860,0.2
4871,860,0.2
4872,860,0.2
4873,860,0.2
4874,860,0.2
4875,860,0.2
4876,860,0.2
4877,860,0.2
4878,860,0.2
4879,860,0.2
4880,860,0.2
4881,860,0.2
4882,860,0.2
4883,860,0.2
4884,860,0.2
4885,860,0.2
4886,860,0.2
4887,860,0.2
4888,860,0.2
4889,860,0.2
4890,860,0.2
4891,860,0.2
4892,860,0.2
4893,860,0.2
4894,860,0.2
4895,860,0.2
4896,860,0.2
4897,860,0.2
4898,860,0.2
4899,860,0.2
4900,860,0.2
4901,860,0.2
4902,860,0.2
4903,860,0.2
4904,860,0.2
4905,860,0.2
4906,860,0.2
4907,860,0.2
4908,860,0.2
4909,860,0.2
4910,860,0.2
4911,860,0.2
4912,860,0.2
4913,860,0.2
4914,860,0.2
4915,860,0.2
4916,860,0.2
4917,860,0.2
4918,860,0.2
4919,860,0.2
4920,860,0.2
4921,860,0.2
4922,860,0.2
4923,860,0.2
4924,860,0.2
4925,860,0.2
4926,860,0.2
4927,860,0.2
4928,860,0.2
4929,860,0.2
4930,860,0.2
4931,860,0.2
4932,860,0.2
4933,860,0.2
4934,860,0.2
4935,860,0.2
4936,860,0.2
4937,860,0.2
4938,860,0.2
4939,860,0.2
4940,860,0.2
4941,860,0.2
4942,860,0.2
4943,860,0.2
4944,860,0.2
4945,860,0.2
4946,860,0.2
4947,860,0.2
4948,860,0.2
4949,860,0.2
4950,860,0.2
4951,860,0.2
4952,860,0.2
4953,860,0.2
4954,860,0.2
4955,860,0.2
4956,860,0.2
4957,860,0.2
4958,860,0.2
4959,860,0.2
4960,860,0.2
4961,860,0.2
4962,860,0.2
4963,860,0.2
4964,860,0.2
4965,860,0.2
4966,860,0.2
4967,860,0.2
4968,860,0.2
4969,860,0.2
4970,860,0.2
4971,860,0.2
4972,860,0.2
4973,860,0.2
4974,860,0.2
4975,860,0.2
4976,860,0.2
4977,860,0.2
4978,860,0.2
4979,860,0.2
4980,860,0.2
4981,860,0.2
4982,860,0.2
4983,860,0.2
4984,860,0.2
4985,860,0.2
4986,860,0.2
4987,860,0.2
4988,860,0.2
4989,860,0.2
4990,860,0.2
4991,860,0.2
4992,860,0.2
4993,860,0.2
4994,860,0.2
4995,860,0.2
4996,860,0.2
4997,860,0.2
4998,860,0.2
4999,860,0.2
5000,860,0.2
5001,860,0.2
5002,860,0.2
5003,860,0.2
5004,860,0.2
5005,860,0.2
5006,860,0.2
5007,860,0.2
5008,860,0.2
5009,860,0.2
5010,860,0.2
5011,860,0.2
5012,860,0.2
5013,860,0.2
5014,860,0.2
5015,860,0.2
5016,860,0.2
5017,860,0.2
5018,860,0.2
5019,860,0.2
5020,860,0.2
5021,860,0.2
5022,860,0.2
5023,860,0.2
5024,860,0.2
5025,860,0.2
5026,860,0.2
5027,860,0.2
5028,860,0.2
5029,860,0.2
5030,860,0.2
5031,860,0.2
5032,860,0.2
5033,860,0.2
5034,860,0.2
5035,860,0.2
5036,860,0.2
5037,850,0.2
5038,850,0.2
5039,850,0.2
5040,850,0.2
5041,850,0.2
5042,850,0.2
5043,850,0.2
5044,850,0.2
5045,850,0.2
5046,850,0.2
5047,850,0.2
5048,850,0.2
5049,850,0.2
5050,850,0.2
5051,850,0.2
5052,850,0.2
5053,850,0.2
5054,850,0.2
5055,850,0.2
5056,850,0.2
5057,850,0.2
5058,850,0.2
5059,850,0.2
5060,850,0.2
5061,850,0.2
5062,850,0.2
5063,850,0.2
5064,850,0.2
5065,850,0.2
5066,850,0.2
5067,850,0.2
5068,850,0.2
5069,850,0.2
5070,850,0.2
5071,850,0.2
5072,850,0.2
5073,850,0.2
5074,850,0.2
5075,850,0.2
5076,850,0.2
5077,850,0.2
5078,850,0.2
5079,850,0.2
5080,850,0.2
5081,850,0.2
5082,850,0.2
5083,850,0.2
5084,850,0.2
5085,850,0.2
5086,850,0.2
5087,850,0.2
5088,850,0.2
5089,850,0.2
5090,850,0.2
5091,850,0.2
5092,850,0.2
5093,850,0.2
5094,850,0.2
5095,850,0.2
5096,850,0.2
5097,850,0.2
5098,850,0.2
5099,850,0.2
5100,850,0.2
5101,850,0.2
5102,850,0.2
5103,850,0.2
5104,850,0.2
5105,850,0.2
5106,850,0.2
5107,850,0.2
5108,850,0.2
5109,850,0.2
5110,850,0.2
5111,850,0.2
5112,850,0.2
5113,850,0.2
5114,850,0.2
5115,850,0.2
5116,850,0.2
5117,850,0.2
5118,850,0.2
5119,850,0.2
5120,850,0.2
5121,850,0.2
5122,850,0.2
5123,850,0.2
5124,850,0.2
5125,850,0.2
5126,850,0.2
5127,850,0.2
5128,850,0.2
5129,850,0.2
5130,850,0.2
5131,850,0.2
5132,850,0.2
5133,850,0.2
5134,850,0.2
5135,850,0.2
5136,850,0.2
5137,850,0.2
5138,850,0.2
5139,850,0.2
5140,850,0.2
5141,850,0.2
5142,850,0.2
5143,850,0.2
5144,850,0.2
5145,850,0.2
5146,850,0.2
5147,850,0.2
5148,850,0.2
5149,850,0.2
5150,850,0.2
5151,850,0.2
5152,850,0.2
5153,850,0.2
5154,850,0.2
5155,850,0.2
5156,850,0.2
5157,850,0.2
5158,850,0.2
5159,850,0.2
5160,850,0.2
5161,850,0.2
5162,850,0.2
5163,850,0.2
5164,850,0.2
5165,850,0.2
5166,850,0.2
5167,850,0.2
5168,850,0.2
5169,850,0.2
5170,850,0.2
5171,850,0.2
5172,850,0.2
5173,850,0.2
5174,850,0.2
5175,850,0.2
5176,850,0.2
5177,850,0.2
5178,850,0.2
5179,850,0.2
5180,850,0.2
5181,850,0.2
5182,850,0.2
5183,850,0.2
5184,850,0.2
5185,850,0.2
5186,850,0.2
5187,850,0.2
5188,850,0.2
5189,850,0.2
5190,850,0.2
5191,850,0.2
5192,850,0.2
5193,850,0.2
5194,850,0.2
5195,850,0.2
5196,850,0.2
5197,850,0.2
5198,850,0.2
5199,850,0.2
5200,850,0.2
5201,850,0.2
5202,850,0.2
5203,850,0.2
5204,850,0.2
5205,850,0.2
5206,850,0.2
5207,850,0.2
5208,850,0.2
5209,850,0.2
5210,850,0.2
5211,850,0.2
5212,850,0.2
5213,850,0.2
5214,850,0.2
5215,850,0.2
5216,850,0.2
5217,850,0.2
5218,850,0.2
5219,850,0.2
5220,850,0.2
5221,850,0.2
5222,850,0.2
5223,850,0.2
5224,850,0.2
5225,850,0.2
5226,850,0.2
5227,850,0.2
5228,850,0.2
5229,850,0.2
5230,850,0.2
5231,850,0.2
5232,850,0.2
5233,850,0.2
5234,850,0.2
5235,850,0.2
5236,850,0.2
5237,850,0.2
5238,850,0.2
5239,840,0.2
5240,840,0.2
5241,840,0.2
5242,840,0.2
5243,840,0.2
5244,840,0.2
5245,840,0.2
5246,840,0.2
5247,840,0.2
5248,840,0.2
5249,840,0.2
5250,840,0.2
5251,840,0.2
5252,840,0.2
5253,840,0.2
5254,840,0.2
5255,840,0.2
5256,840,0.2
5257,840,0.2
5258,840,0.2
5259,840,0.2
5260,840,0.2
5261,840,0.2
5262,840,0.2
5263,840,0.2
5264,840,0.2
5265,840,0.2
5266,840,0.2
5267,840,0.2
5268,840,0.2
5269,840,0.2
5270,840,0.2
5271,840,0.2
5272,840,0.2
5273,840,0.2
5274,840,0.2
5275,840,0.2
5276,840,0.2
5277,840,0.2
5278,840,0.2
5279,840,0.2
5280,840,0.2
5281,840,0.2
5282,840,0.2
5283,840,0.2
5284,840,0.2
5285,840,0.2
5286,840,0.2
5287,840,0.2
5288,840,0.2
5289,840,0.2
5290,840,0.2
5291,840,0.2
5292,840,0.2
5293,840,0.2
5294,840,0.2
5295,840,0.2
5296,840,0.2
5297,840,0.2
5298,840,0.2
5299,840,0.2
5300,840,0.2
5301,840,0.2
5302,840,0.2
5303,840,0.2
5304,840,0.2
5305,840,0.2
5306,840,0.2
5307,840,0.2
5308,840,0.2
5309,840,0.2
5310,840,0.2
5311,840,0.2
5312,840,0.2
5313,840,0.2
5314,840,0.2
5315,840,0.2
5316,840,0.2
5317,840,0.2
5318,840,0.2
5319,840,0.2
5320,840,0.2
5321,840,0.2
5322,840,0.2
5323,840,0.2
5324,840,0.2
5325,840,0.2
5326,840,0.2
5327,840,0.2
5328,840,0.2
5329,840,0.2
5330,840,0.2
5331,840,0.2
5332,840,0.2
5333,840,0.2
5334,840,0.2
5335,840,0.2
5336,840,0.2
5337,840,0.2
5338,840,0.2
5339,840,0.2
5340,840,0.2
5341,840,0.2
5342,840,0.2
5343,840,0.2
5344,840,0.2
5345,840,0.2
5346,840,0.2
5347,840,0.2
5348,840,0.2
5349,840,0.2
5350,830,0.2
5351,830,0.2
5352,830,0.2
5353,830,0.2
5354,830,0.2
5355,830,0.2
5356,830,0.2
5357,830,0.2
5358,830,0.2
5359,830,0.2
5360,840,0.2
5361,840,0.2
5362,840,0.2
5363,840,0.2
5364,840,0.2
5365,840,0.2
5366,840,0.2
5367,840,0.2
5368,840,0.2
5369,840,0.2
5370,840,0.2
5371,840,0.2
5372,830,0.2
5373,830,0.2
5374,830,0.2
5375,830,0.2
5376,830,0.2
5377,830,0.2
5378,830,0.2
5379,830,0.2
5380,830,0.2
5381,830,0.2
5382,830,0.2
5383,830,0.2
5384,830,0.2
5385,830,0.2
5386,830,0.2
5387,830,0.2
5388,830,0.2
5389,830,0.2
5390,830,0.2
5391,830,0.2
5392,830,0.2
5393,830,0.2
5394,830,0.2
5395,830,0.2
5396,830,0.2
5397,830,0.2
5398,830,0.2
5399,830,0.2
5400,830,0.2
5401,830,0.2
5402,830,0.2
5403,830,0.2
5404,830,0.2
5405,830,0.2
5406,830,0.2
5407,830,0.2
5408,830,0.2
5409,830,0.2
5410,830,0.2
5411,830,0.2
5412,830,0.2
5413,830,0.2
5414,830,0.2
5415,830,0.2
5416,830,0.2
5417,830,0.2
5418,830,0.2
5419,830,0.2
5421,830,0.2
5422,830,0.2
5423,830,0.2
5424,830,0.2
5425,830,0.2
5426,830,0.2
5427,830,0.2
5428,830,0.2
5429,830,0.2
5430,830,0.2
5431,830,0.2
5432,830,0.2
5433,830,0.2
5434,830,0.2
5435,830,0.2
5436,830,0.2
5437,830,0.2
5438,830,0.2
5439,830,0.2
5440,830,0.2
5441,830,0.2
5442,830,0.2
5443,830,0.2
5444,830,0.2
5445,830,0.2
5446,830,0.2
5447,830,0.2
5448,830,0.2
5449,830,0.2
5450,830,0.2
5451,830,0.2
5452,830,0.2
5453,830,0.2
5454,830,0.2
5455,830,0.2
5456,830,0.2
5457,830,0.2
5458,830,0.2
5459,830,0.2
5460,830,0.2
5461,830,0.2
5462,830,0.2
5463,830,0.2
5464,830,0.2
5465,830,0.2
5466,830,0.2
5467,830,0.2
5468,830,0.2
5469,830,0.2
5470,830,0.2
5471,830,0.2
5472,830,0.2
5473,830,0.2
5474,830,0.2
5475,830,0.2
5476,830,0.2
5477,830,0.2
5478,830,0.2
5479,830,0.2
5480,830,0.2
5481,830,0.2
5482,830,0.2
5483,830,0.2
5484,830,0.2
5485,830,0.2
5486,830,0.2
5487,830,0.2
5488,830,0.2
5489,830,0.2
5490,830,0.2
5491,830,0.2
5492,830,0.2
5493,830,0.2
5494,830,0.2
5495,830,0.2
5496,830,0.2
5497,830,0.2
5498,830,0.2
5499,830,0.2
5500,830,0.2
5501,830,0.2
5502,830,0.2
5503,830,0.2
5504,830,0.2
5505,830,0.2
5506,830,0.2
5507,830,0.2
5508,830,0.2
5509,830,0.2
5510,830,0.2
5511,830,0.2
5512,830,0.2
5513,830,0.2
5514,830,0.2
5515,830,0.2
5516,830,0.2
5517,830,0.2
5518,830,0.2
5519,830,0.2
5520,830,0.2
5521,830,0.2
5522,830,0.2
5523,830,0.2
5524,830,0.2
5525,830,0.2
5526,830,0.2
5527,830,0.2
5528,830,0.2
5529,830,0.2
5530,830,0.2
5531,830,0.2
5532,830,0.2
5533,830,0.2
5534,830,0.2
5535,830,0.2
5536,830,0.2
5537,830,0.2
5538,830,0.2
5539,830,0.2
5540,830,0.2
5541,830,0.2
5542,830,0.2
5543,830,0.2
5544,830,0.2
5545,830,0.2
5546,830,0.2
5547,830,0.2
5548,830,0.2
5549,830,0.2
5550,830,0.2
5551,830,0.2
5552,830,0.2
5553,830,0.2
5554,830,0.2
5555,830,0.2
5556,830,0.2
5557,830,0.2
5558,830,0.2
5559,830,0.2
5560,830,0.2
5561,830,0.2
5562,830,0.2
5563,830,0.2
5564,830,0.2
5565,830,0.2
5566,830,0.2
5567,830,0.2
5568,830,0.2
5569,830,0.2
5570,830,0.2
5571,830,0.2
5572,830,0.2
5573,830,0.2
5574,830,0.2
5575,830,0.2
5576,830,0.2
5577,830,0.2
5578,830,0.2
5579,830,0.2
5580,830,0.2
5581,830,0.2
5582,830,0.2
5583,830,0.2
5584,830,0.2
5585,830,0.2
5586,830,0.2
5587,830,0.2
5588,830,0.2
5589,830,0.2
5590,830,0.2
5591,830,0.2
5592,830,0.2
5593,830,0.2
5594,830,0.2
5595,830,0.2
5596,830,0.2
5597,830,0.2
5598,830,0.2
5599,830,0.2
5600,830,0.2
5601,830,0.2
5602,830,0.2
5603,830,0.2
5604,830,0.2
5605,830,0.2
5606,830,0.2
5607,830,0.2
5608,830,0.2
5609,830,0.2
5610,830,0.2
5611,830,0.2
5612,830,0.2
5613,830,0.2
5614,830,0.2
5615,830,0.2
5616,830,0.2
5617,830,0.2
5618,830,0.2
5619,830,0.2
5620,830,0.2
5621,830,0.2
5622,830,0.2
5623,830,0.2
5624,830,0.2
5625,830,0.2
5626,830,0.2
5627,830,0.2
5628,830,0.2
5629,830,0.2
5630,830,0.2
5631,830,0.2
5632,830,0.2
5633,830,0.2
5634,830,0.2
5635,830,0.2
5636,830,0.2
5637,830,0.2
5638,830,0.2
5639,830,0.2
5640,830,0.2
5641,830,0.2
5642,830,0.2
5643,830,0.2
5644,830,0.2
5645,830,0.2
5646,830,0.2
5647,830,0.2
5648,830,0.2
5649,830,0.2
5650,830,0.2
5651,830,0.2
5652,830,0.2
5653,830,0.2
5654,830,0.2
5655,830,0.2
5656,830,0.2
5657,830,0.2
5658,830,0.2
5659,830,0.2
5660,830,0.2
5661,830,0.2
5662,830,0.2
5663,830,0.2
5664,830,0.2
5665,830,0.2
5666,830,0.2
5667,830,0.2
5668,830,0.2
5669,830,0.2
5670,830,0.2
5671,830,0.2
5672,830,0.2
5673,830,0.2
5674,830,0.2
5675,830,0.2
5676,830,0.2
5677,830,0.2
5678,830,0.2
5679,830,0.2
5680,830,0.2
5681,830,0.2
5682,830,0.2
5683,830,0.2
5684,830,0.2
5685,830,0.2
5686,830,0.2
5687,830,0.2
5688,830,0.2
5689,830,0.2
5690,820,0.2
5691,820,0.2
5692,820,0.2
5693,820,0.2
5694,820,0.2
5695,820,0.2
5696,820,0.2
5697,820,0.2
5698,820,0.2
5699,820,0.2
5700,820,0.2
5701,820,0.2
5702,820,0.2
5703,820,0.2
5704,820,0.2
5705,820,0.2
5706,820,0.2
5707,820,0.2
5708,820,0.2
5709,820,0.2
5710,820,0.2
5711,820,0.2
5712,820,0.2
5713,820,0.2
5714,820,0.2
5715,820,0.2
5716,820,0.2
5717,820,0.2
5718,820,0.2
5719,820,0.2
5720,820,0.2
5721,820,0.2
5722,820,0.2
5723,820,0.2
5724,820,0.2
5725,820,0.2
5726,820,0.2
5727,820,0.2
5728,820,0.2
5729,820,0.2
5730,820,0.2
5731,820,0.2
5732,820,0.2
5733,820,0.2
5734,820,0.2
5735,820,0.2
5736,820,0.2
5737,820,0.2
5738,820,0.2
5739,820,0.2
5740,820,0.2
5741,820,0.2
5742,820,0.2
5743,820,0.2
5744,820,0.2
5745,820,0.2
5746,820,0.2
5747,820,0.2
5748,820,0.2
5749,820,0.2
5750,820,0.2
5751,820,0.2
5752,820,0.2
5753,820,0.2
5754,820,0.2
5755,820,0.2
5756,820,0.2
5757,820,0.2
5758,820,0.2
5759,820,0.2
5760,820,0.2
5761,820,0.2
5762,820,0.2
5763,820,0.2
5764,820,0.2
5765,820,0.2
5766,820,0.2
5767,820,0.2
5768,820,0.2
5769,820,0.2
5770,820,0.2
5771,820,0.2
5772,820,0.2
5773,820,0.2
5774,820,0.2
5775,820,0.2
5776,820,0.2
5777,820,0.2
5778,820,0.2
5779,820,0.2
5780,820,0.2
5781,820,0.2
5782,820,0.2
5783,820,0.2
5784,820,0.2
5785,820,0.2
5786,820,0.2
5787,820,0.2
5788,820,0.2
5789,820,0.2
5790,820,0.2
5791,820,0.2
5792,820,0.2
5793,820,0.2
5794,820,0.2
5795,820,0.2
5796,820,0.2
5797,820,0.2
5798,820,0.2
5799,820,0.2
5800,820,0.2
5801,820,0.2
5802,820,0.2
5803,820,0.2
5804,820,0.2
5805,820,0.2
5806,820,0.2
5807,820,0.2
5808,820,0.2
5809,820,0.2
5810,820,0.2
5811,820,0.2
5812,820,0.2
5813,820,0.2
5814,820,0.2
5815,820,0.2
5816,820,0.2
5817,820,0.2
5818,820,0.2
5819,810,0.2
5820,810,0.2
5821,810,0.2
5822,810,0.2
5823,810,0.2
5824,810,0.2
5825,810,0.2
5826,810,0.2
5827,810,0.2
5828,810,0.2
5829,810,0.2
5830,810,0.2
5831,810,0.2
5832,810,0.2
5833,810,0.2
5834,810,0.2
5835,810,0.2
5836,810,0.2
5837,820,0.2
5838,820,0.2
5839,820,0.2
5840,820,0.2
5841,820,0.2
5842,820,0.2
5843,820,0.2
5844,820,0.2
5845,820,0.2
5846,820,0.2
5847,820,0.2
5848,820,0.2
5849,820,0.2
5850,820,0.2
5851,820,0.2
5852,820,0.2
5853,820,0.2
5854,820,0.2
5855,820,0.2
5856,820,0.2
5857,820,0.2
5858,820,0.2
5859,820,0.2
5860,820,0.2
5861,820,0.2
5862,820,0.2
5863,820,0.2
5864,820,0.2
5865,820,0.2
5866,820,0.2
5867,820,0.2
5868,820,0.2
5869,820,0.2
5870,820,0.2
5871,820,0.2
5872,820,0.2
5873,820,0.2
5874,820,0.2
5875,820,0.2
5876,820,0.2
5877,820,0.2
5878,820,0.2
5879,820,0.2
5880,820,0.2
5881,820,0.2
5882,820,0.2
5883,820,0.2
5884,820,0.2
5885,820,0.2
5886,820,0.2
5887,820,0.2
5888,820,0.2
5889,820,0.2
5890,820,0.2
5891,820,0.2
5892,820,0.2
5893,820,0.2
5894,820,0.2
5895,820,0.2
5896,820,0.2
5897,820,0.2
5898,820,0.2
5899,820,0.2
5900,820,0.2
5901,820,0.2
5902,820,0.2
5903,820,0.2
5904,820,0.2
5905,820,0.2
5906,820,0.2
5907,820,0.2
5908,820,0.2
5909,820,0.2
5910,820,0.2
5911,820,0.2
5912,810,0.2
5913,810,0.2
5914,810,0.2
5915,810,0.2
5916,810,0.2
5917,810,0.2
5918,820,0.2
5919,820,0.2
5920,820,0.2
5921,820,0.2
5922,820,0.2
5923,820,0.2
5924,820,0.2
5925,820,0.2
5926,820,0.2
5927,820,0.2
5928,820,0.2
5929,820,0.2
5930,820,0.2
5931,820,0.2
5932,810,0.2
5933,810,0.2
5934,810,0.2
5935,810,0.2
5936,810,0.2
5937,810,0.2
5938,810,0.2
5939,810,0.2
5940,820,0.2
5941,820,0.2
5942,820,0.2
5943,820,0.2
5944,820,0.2
5945,820,0.2
5946,820,0.2
5947,820,0.2
5948,820,0.2
5949,820,0.2
5950,810,0.2
5951,810,0.2
5952,810,0.2
5953,810,0.2
5954,810,0.2
5955,810,0.2
5956,810,0.2
5957,810,0.2
5958,810,0.2
5959,810,0.2
5960,810,0.2
5961,810,0.2
5962,810,0.2
5963,810,0.2
5964,810,0.2
5965,810,0.2
5966,810,0.2
5967,810,0.2
5968,810,0.2
5969,810,0.2
5970,810,0.2
5971,810,0.2
5972,810,0.2
5973,810,0.2
5974,810,0.2
5975,810,0.2
5976,810,0.2
5977,810,0.2
5978,810,0.2
5979,810,0.2
5980,810,0.2
5981,810,0.2
5982,810,0.2
5983,810,0.2
5984,810,0.2
5985,810,0.2
5986,810,0.2
5987,810,0.2
5988,810,0.2
5989,810,0.2
5990,810,0.2
5991,810,0.2
5992,810,0.2
5993,810,0.2
5994,810,0.2
5995,810,0.2
5996,810,0.2
5997,810,0.2
5998,810,0.2
5999,810,0.2
6000,810,0.2
6001,810,0.2
6002,810,0.2
6003,810,0.2
6004,810,0.2
6005,810,0.2
6006,810,0.2
6007,810,0.2
6008,810,0.2
6009,810,0.2
6010,810,0.2
6011,810,0.2
6012,810,0.2
6013,810,0.2
6014,810,0.2
6015,810,0.2
6016,810,0.2
6017,810,0.2
6018,810,0.2
6019,810,0.2
6020,810,0.2
6021,810,0.2
6022,810,0.2
6023,810,0.2
6024,810,0.2
6025,810,0.2
6026,810,0.2
6027,810,0.2
6028,810,0.2
6029,810,0.2
6030,810,0.2
6031,810,0.2
6032,810,0.2
6033,810,0.2
6034,810,0.2
6035,810,0.2
6036,810,0.2
6037,810,0.2
6038,810,0.2
6039,810,0.2
6040,810,0.2
6041,810,0.2
6042,810,0.2
6043,810,0.2
6044,810,0.2
6045,810,0.2
6046,810,0.2
6047,810,0.2
6048,810,0.2
6049,810,0.2
6050,810,0.2
6051,810,0.2
6052,810,0.2
6053,810,0.2
6054,810,0.2
6055,810,0.2
6056,810,0.2
6057,810,0.2
6058,810,0.2
6059,810,0.2
6060,810,0.2
6061,810,0.2
6062,810,0.2
6063,810,0.2
6064,810,0.2
6065,810,0.2
6066,810,0.2
6067,810,0.2
6068,810,0.2
6069,810,0.2
6070,810,0.2
6071,810,0.2
6072,810,0.2
6073,810,0.2
6074,810,0.2
6075,810,0.2
6076,810,0.2
6077,810,0.2
6078,810,0.2
6079,810,0.2
6080,810,0.2
6081,810,0.2
6082,810,0.2
6083,810,0.2
6084,810,0.2
6085,810,0.2
6086,810,0.2
6087,810,0.2
6088,810,0.2
6089,810,0.2
6090,810,0.2
6091,810,0.2
6092,810,0.2
6093,810,0.2
6094,810,0.2
6095,810,0.2
6096,810,0.2
6097,810,0.2
6098,810,0.2
6099,810,0.2
6100,810,0.2
6101,810,0.2
6102,810,0.2
6103,810,0.2
6104,810,0.2
6105,810,0.2
6106,810,0.2
6107,810,0.2
6108,810,0.2
6109,810,0.2
6110,810,0.2
6111,810,0.2
6112,810,0.2
6113,810,0.2
6114,810,0.2
6115,810,0.2
6116,810,0.2
6117,810,0.2
6118,810,0.2
6119,810,0.2
6120,810,0.2
6121,810,0.2
6122,810,0.2
6123,810,0.2
6124,810,0.2
6125,810,0.2
6126,810,0.2
6127,810,0.2
6128,810,0.2
6129,810,0.2
6130,810,0.2
6131,810,0.2
6132,810,0.2
6133,810,0.2
6134,810,0.2
6135,810,0.2
6136,810,0.2
6137,810,0.2
6138,810,0.2
6139,810,0.2
6140,810,0.2
6141,810,0.2
6142,810,0.2
6143,810,0.2
6144,810,0.2
6145,810,0.2
6146,810,0.2
6147,810,0.2
6148,810,0.2
6149,810,0.2
6150,810,0.2
6151,810,0.2
6152,810,0.2
6153,810,0.2
6154,810,0.2
6155,810,0.2
6156,810,0.2
6157,810,0.2
6158,810,0.2
6159,810,0.2
6160,810,0.2
6161,810,0.2
6162,810,0.2
6163,810,0.2
6164,810,0.2
6165,810,0.2
6166,810,0.2
6167,810,0.2
6168,810,0.2
6169,810,0.2
6170,810,0.2
6171,810,0.2
6172,810,0.2
6173,810,0.2
6174,810,0.2
6175,810,0.2
6176,810,0.2
6177,810,0.2
6178,810,0.2
6179,810,0.2
6180,810,0.2
6181,810,0.2
6182,810,0.2
6183,810,0.2
6184,810,0.2
6185,810,0.2
6186,810,0.2
6187,810,0.2
6188,810,0.2
6189,810,0.2
6190,800,0.2
6191,800,0.2
6192,800,0.2
6193,800,0.2
6194,800,0.2
6195,800,0.2
6196,800,0.2
6197,800,0.2
6198,800,0.2
6199,800,0.2
6200,800,0.2
6201,800,0.2
6202,800,0.2
6203,800,0.2
6204,800,0.2
6205,800,0.2
6206,800,0.2
6207,800,0.2
6208,800,0.2
6209,800,0.2
6210,800,0.2
6211,800,0.2
6212,800,0.2
6213,800,0.2
6214,800,0.2
6215,800,0.2
6216,800,0.2
6217,800,0.2
6218,800,0.2
6219,800,0.2
6220,800,0.2
6221,800,0.2
6222,800,0.2
6223,800,0.2
6224,800,0.2
6225,800,0.2
6226,800,0.2
6227,800,0.2
6228,800,0.2
6229,800,0.2
6230,800,0.2
6231,800,0.2
6232,800,0.2
6233,800,0.2
6234,800,0.2
6235,800,0.2
6236,800,0.2
6237,800,0.2
6238,800,0.2
6239,800,0.2
6240,800,0.2
6241,800,0.2
6242,800,0.2
6243,800,0.2
6244,800,0.2
6245,800,0.2
6246,800,0.2
6247,800,0.2
6248,800,0.2
6249,800,0.2
6250,800,0.2
6251,800,0.2
6252,800,0.2
6253,800,0.2
6254,800,0.2
6255,800,0.2
6256,800,0.2
6257,800,0.2
6258,800,0.2
6259,800,0.2
6260,800,0.2
6261,800,0.2
6262,800,0.2
6263,800,0.2
6264,800,0.2
6265,800,0.2
6266,800,0.2
6267,800,0.2
6268,800,0.2
6269,800,0.2
6270,800,0.2
6271,800,0.2
6272,800,0.2
6273,800,0.2
6274,800,0.2
6275,800,0.2
6276,800,0.2
6277,800,0.2
6278,800,0.2
6279,800,0.2
6280,800,0.2
6281,800,0.2
6282,800,0.2
6283,800,0.2
6284,800,0.2
6285,800,0.2
6286,800,0.2
6287,800,0.2
6288,800,0.2
6289,800,0.2
6290,800,0.2
6291,800,0.2
6292,800,0.2
6293,800,0.2
6294,800,0.2
6295,800,0.2
6296,800,0.2
6297,800,0.2
6298,800,0.2
6299,800,0.2