1, 810, 0.02
2, 810, 0.02
3, 810, 0.02
4, 810, 0.02
5, 810, 0.02
6, 810, 0.02
7, 810, 0.02
8, 810, 0.02
9, 810, 0.02
10, 810, 0.02
11, 800, 0.00
12, 800, 0.00
13, 800, 0.00
14, 800, 0.00
15, 800, 0.00
16, 800, 0.00
17, 800, 0.00
18, 800, 0.00
19, 800, 0.00
20, 800, 0.00
21, 800, 0.00
22, 800, 0.00
23, 800, 0.00
24, 800, 0.00
25, 800, 0.00
26, 800, 0.00
27, 800, 0.00
28, 800, 0.00
29, 800, 0.00
30, 800, 0.00
31, 800, 0.00
32, 800, 0.00
33, 800, 0.00
34, 800, 0.00
35, 800, 0.00
36, 800, 0.00
37, 800, 0.00
38, 800, 0.00
39, 800, 0.00
40, 800, 0.00
41, 800, 0.00
42, 800, 0.00
43, 800, 0.00
44, 800, 0.00
45, 800, 0.00
46, 800, 0.00
47, 800, 0.00
48, 800, 0.00
49, 800, 0.00
50, 800, 0.00
51, 800, 0.00
52, 800, 0.00
53, 800, 0.00
54, 800, 0.00
55, 800, 0.00
56, 800, 0.00
57, 800, 0.00
58, 800, 0.00
59, 800, 0.00
60, 810, 0.02
61, 810, 0.02
62, 810, 0.02
63, 810, 0.02
64, 810, 0.02
65, 810, 0.02
66, 810, 0.02
67, 810, 0.02
68, 810, 0.02
69, 810, 0.02
70, 810, 0.02
71, 810, 0.02
72, 820, 0.04
73, 820, 0.04
74, 820, 0.04
75, 820, 0.04
76, 820, 0.04
77, 820, 0.04
78, 830, 0.06
79, 830, 0.06
80, 830, 0.06
81, 830, 0.06
82, 830, 0.06
83, 830, 0.06
84, 840, 0.08
85, 840, 0.08
86, 840, 0.08
87, 840, 0.08
88, 850, 0.10
89, 850, 0.10
90, 850, 0.10
91, 850, 0.10
92, 860, 0.12
93, 860, 0.12
94, 860, 0.12
95, 860, 0.12
96, 860, 0.12
97, 860, 0.12
98, 880, 0.16
99, 880, 0.16
100, 890, 0.18
101, 890, 0.18
102, 900, 0.20
103, 900, 0.20
104, 900, 0.20
105, 900, 0.20
106, 910, 0.22
107, 910, 0.22
108, 930, 0.26
109, 930, 0.26
110, 940, 0.28
111, 940, 0.28
112, 950, 0.30
113, 950, 0.30
114, 960, 0.32
115, 960, 0.32
116, 980, 0.36
117, 980, 0.36
118, 1000, 0.40
119, 1000, 0.40
120, 1020, 0.44
121, 1020, 0.44
122, 1030, 0.46
123, 1030, 0.46
124, 1040, 0.48
125, 1040, 0.48
126, 1050, 0.50
127, 1050, 0.50
128, 1070, 0.54
129, 1070, 0.54
130, 1070, 0.54
131, 1070, 0.54
132, 1080, 0.56
133, 1080, 0.56
134, 1090, 0.58
135, 1090, 0.58
136, 1100, 0.60
137, 1100, 0.60
138, 1110, 0.62
139, 1110, 0.62
140, 1110, 0.62
141, 1110, 0.62
142, 1110, 0.62
143, 1110, 0.62
144, 1120, 0.64
145, 1120, 0.64
146, 1130, 0.66
147, 1130, 0.66
148, 1130, 0.66
149, 1130, 0.66
150, 1130, 0.66
151, 1130, 0.66
152, 1140, 0.68
153, 1140, 0.68
154, 1150, 0.70
155, 1150, 0.70
156, 1150, 0.70
157, 1150, 0.70
158, 1150, 0.70
159, 1150, 0.70
160, 1160, 0.72
161, 1160, 0.72
162, 1160, 0.72
163, 1160, 0.72
164, 1160, 0.72
165, 1160, 0.72
166, 1160, 0.72
167, 1170, 0.74
168, 1170, 0.74
169, 1170, 0.74
170, 1170, 0.74
171, 1180, 0.76
172, 1180, 0.76
173, 1180, 0.76
174, 1180, 0.76
175, 1180, 0.76
176, 1180, 0.76
177, 1190, 0.78
178, 1190, 0.78
179, 1200, 0.80
180, 1200, 0.80
181, 1200, 0.80
182, 1200, 0.80
183, 1200, 0.80
184, 1200, 0.80
185, 1210, 0.82
186, 1210, 0.82
187, 1210, 0.82
188, 1210, 0.82
189, 1220, 0.84
190, 1220, 0.84
191, 1220, 0.84
192, 1220, 0.84
193, 1230, 0.86
194, 1230, 0.86
195, 1230, 0.86
196, 1230, 0.86
197, 1230, 0.86
198, 1230, 0.86
199, 1240, 0.88
200, 1240, 0.88
201, 1240, 0.88
202, 1240, 0.88
203, 1240, 0.88
204, 1240, 0.88
205, 1240, 0.88
206, 1240, 0.88
207, 1250, 0.90
208, 1250, 0.90
209, 1250, 0.90
210, 1250, 0.90
211, 1250, 0.90
212, 1250, 0.90
213, 1250, 0.90
214, 1250, 0.90
215, 1250, 0.90
216, 1250, 0.90
217, 1250, 0.90
218, 1250, 0.90
219, 1250, 0.90
220, 1250, 0.90
221, 1250, 0.90
222, 1250, 0.90
223, 1250, 0.90
224, 1250, 0.90
225, 1250, 0.90
226, 1250, 0.90
227, 1250, 0.90
228, 1250, 0.90
229, 1250, 0.90
230, 1250, 0.90
231, 1250, 0.90
232, 1250, 0.90
233, 1250, 0.90
234, 1250, 0.90
235, 1250, 0.90
236, 1250, 0.90
237, 1250, 0.90
238, 1250, 0.90
239, 1250, 0.90
240, 1250, 0.90
241, 1250, 0.90
242, 1250, 0.90
243, 1250, 0.90
244, 1250, 0.90
245, 1250, 0.90
246, 1250, 0.90
247, 1250, 0.90
248, 1250, 0.90
249, 1250, 0.90
250, 1250, 0.90
251, 1250, 0.90
252, 1250, 0.90
253, 1250, 0.90
254, 1250, 0.90
255, 1250, 0.90
256, 1250, 0.90
257, 1250, 0.90
258, 1250, 0.90
259, 1250, 0.90
260, 1250, 0.90
261, 1250, 0.90
262, 1250, 0.90
263, 1250, 0.90
264, 1250, 0.90
265, 1250, 0.90
266, 1250, 0.90
267, 1250, 0.90
268, 1250, 0.90
269, 1250, 0.90
270, 1250, 0.90
271, 1250, 0.90
272, 1250, 0.90
273, 1240, 0.88
274, 1240, 0.88
275, 1240, 0.88
276, 1240, 0.88
277, 1240, 0.88
278, 1240, 0.88
279, 1240, 0.88
280, 1240, 0.88
281, 1240, 0.88
282, 1240, 0.88
283, 1240, 0.88
284, 1240, 0.88
285, 1240, 0.88
286, 1240, 0.88
287, 1240, 0.88
288, 1240, 0.88
289, 1240, 0.88
290, 1240, 0.88
291, 1240, 0.88
292, 1240, 0.88
293, 1240, 0.88
294, 1230, 0.86
295, 1230, 0.86
296, 1230, 0.86
297, 1230, 0.86
298, 1230, 0.86
299, 1230, 0.86
300, 1230, 0.86
301, 1230, 0.86
302, 1230, 0.86
303, 1230, 0.86
304, 1230, 0.86
305, 1230, 0.86
306, 1220, 0.84
307, 1220, 0.84
308, 1220, 0.84
309, 1220, 0.84
310, 1220, 0.84
311, 1220, 0.84
312, 1220, 0.84
313, 1220, 0.84
314, 1220, 0.84
315, 1220, 0.84
316, 1220, 0.84
317, 1220, 0.84
318, 1210, 0.82
319, 1210, 0.82
320, 1210, 0.82
321, 1210, 0.82
322, 1210, 0.82
323, 1210, 0.82
324, 1210, 0.82
325, 1210, 0.82
326, 1200, 0.80
327, 1200, 0.80
328, 1200, 0.80
329, 1200, 0.80
330, 1200, 0.80
331, 1200, 0.80
332, 1200, 0.80
333, 1200, 0.80
334, 1200, 0.80
335, 1200, 0.80
336, 1190, 0.78
337, 1190, 0.78
338, 1190, 0.78
339, 1190, 0.78
340, 1190, 0.78
341, 1190, 0.78
342, 1190, 0.78
343, 1190, 0.78
344, 1190, 0.78
345, 1190, 0.78
346, 1190, 0.78
347, 1190, 0.78
348, 1180, 0.76
349, 1180, 0.76
350, 1180, 0.76
351, 1180, 0.76
352, 1180, 0.76
353, 1180, 0.76
354, 1180, 0.76
355, 1180, 0.76
356, 1180, 0.76
357, 1180, 0.76
358, 1170, 0.74
359, 1170, 0.74
360, 1170, 0.74
361, 1170, 0.74
362, 1170, 0.74
363, 1170, 0.74
364, 1170, 0.74
365, 1170, 0.74
366, 1170, 0.74
367, 1170, 0.74
368, 1160, 0.72
369, 1160, 0.72
370, 1160, 0.72
371, 1160, 0.72
372, 1160, 0.72
373, 1160, 0.72
374, 1160, 0.72
375, 1160, 0.72
376, 1160, 0.72
377, 1160, 0.72
378, 1160, 0.72
379, 1160, 0.72
380, 1150, 0.70
381, 1150, 0.70
382, 1150, 0.70
383, 1150, 0.70
384, 1150, 0.70
385, 1150, 0.70
386, 1150, 0.70
387, 1150, 0.70
388, 1150, 0.70
389, 1150, 0.70
390, 1150, 0.70
391, 1150, 0.70
392, 1150, 0.70
393, 1150, 0.70
394, 1150, 0.70
395, 1140, 0.68
396, 1140, 0.68
397, 1140, 0.68
398, 1140, 0.68
399, 1140, 0.68
400, 1140, 0.68
401, 1140, 0.68
402, 1140, 0.68
403, 1140, 0.68
404, 1140, 0.68
405, 1140, 0.68
406, 1140, 0.68
407, 1130, 0.66
408, 1130, 0.66
409, 1130, 0.66
410, 1130, 0.66
411, 1130, 0.66
412, 1130, 0.66
413, 1130, 0.66
414, 1130, 0.66
415, 1130, 0.66
416, 1130, 0.66
417, 1130, 0.66
418, 1130, 0.66
419, 1120, 0.64
420, 1120, 0.64
421, 1120, 0.64
422, 1120, 0.64
423, 1120, 0.64
424, 1120, 0.64
425, 1120, 0.64
426, 1120, 0.64
427, 1120, 0.64
428, 1120, 0.64
429, 1120, 0.64
430, 1120, 0.64
431, 1110, 0.62
432, 1110, 0.62
433, 1110, 0.62
434, 1110, 0.62
435, 1110, 0.62
436, 1110, 0.62
437, 1110, 0.62
438, 1110, 0.62
439, 1110, 0.62
440, 1110, 0.62
441, 1110, 0.62
442, 1110, 0.62
443, 1100, 0.60
444, 1100, 0.60
445, 1100, 0.60
446, 1100, 0.60
447, 1100, 0.60
448, 1100, 0.60
449, 1100, 0.60
450, 1100, 0.60
451, 1100, 0.60
452, 1100, 0.60
453, 1100, 0.60
454, 1100, 0.60
455, 1100, 0.60
456, 1100, 0.60
457, 1090, 0.58
458, 1090, 0.58
459, 1090, 0.58
460, 1090, 0.58
461, 1090, 0.58
462, 1090, 0.58
463, 1090, 0.58
464, 1090, 0.58
465, 1090, 0.58
466, 1090, 0.58
467, 1090, 0.58
468, 1090, 0.58
469, 1090, 0.58
470, 1090, 0.58
471, 1080, 0.56
472, 1080, 0.56
473, 1080, 0.56
474, 1080, 0.56
475, 1080, 0.56
476, 1080, 0.56
477, 1080, 0.56
478, 1080, 0.56
479, 1080, 0.56
480, 1080, 0.56
481, 1080, 0.56
482, 1080, 0.56
483, 1080, 0.56
484, 1080, 0.56
485, 1080, 0.56
486, 1080, 0.56
487, 1080, 0.56
488, 1080, 0.56
489, 1070, 0.54
490, 1070, 0.54
491, 1070, 0.54
492, 1070, 0.54
493, 1070, 0.54
494, 1070, 0.54
495, 1070, 0.54
496, 1070, 0.54
497, 1070, 0.54
498, 1070, 0.54
499, 1070, 0.54
500, 1070, 0.54
501, 1070, 0.54
502, 1070, 0.54
503, 1070, 0.54
504, 1070, 0.54
505, 1070, 0.54
506, 1070, 0.54
507, 1070, 0.54
508, 1070, 0.54
509, 1070, 0.54
510, 1070, 0.54
511, 1070, 0.54
512, 1060, 0.52
513, 1060, 0.52
514, 1060, 0.52
515, 1060, 0.52
516, 1060, 0.52
517, 1060, 0.52
518, 1060, 0.52
519, 1060, 0.52
520, 1060, 0.52
521, 1060, 0.52
522, 1060, 0.52
523, 1060, 0.52
524, 1060, 0.52
525, 1060, 0.52
526, 1060, 0.52
527, 1060, 0.52
528, 1060, 0.52
529, 1060, 0.52
530, 1060, 0.52
531, 1060, 0.52
532, 1060, 0.52
533, 1060, 0.52
534, 1060, 0.52
535, 1060, 0.52
536, 1050, 0.50
537, 1050, 0.50
538, 1050, 0.50
539, 1050, 0.50
540, 1050, 0.50
541, 1050, 0.50
542, 1050, 0.50
543, 1050, 0.50
544, 1050, 0.50
545, 1050, 0.50
546, 1050, 0.50
547, 1050, 0.50
548, 1050, 0.50
549, 1050, 0.50
550, 1050, 0.50
551, 1050, 0.50
552, 1050, 0.50
553, 1050, 0.50
554, 1050, 0.50
555, 1050, 0.50
556, 1050, 0.50
557, 1050, 0.50
558, 1040, 0.48
559, 1040, 0.48
560, 1040, 0.48
561, 1040, 0.48
562, 1040, 0.48
563, 1040, 0.48
564, 1040, 0.48
565, 1040, 0.48
566, 1040, 0.48
567, 1040, 0.48
568, 1040, 0.48
569, 1040, 0.48
570, 1040, 0.48
571, 1040, 0.48
572, 1040, 0.48
573, 1040, 0.48
574, 1030, 0.46
575, 1030, 0.46
576, 1030, 0.46
577, 1030, 0.46
578, 1030, 0.46
579, 1030, 0.46
580, 1030, 0.46
581, 1030, 0.46
582, 1030, 0.46
583, 1030, 0.46
584, 1030, 0.46
585, 1030, 0.46
586, 1030, 0.46
587, 1030, 0.46
588, 1030, 0.46
589, 1030, 0.46
590, 1030, 0.46
591, 1030, 0.46
592, 1030, 0.46
593, 1030, 0.46
594, 1030, 0.46
595, 1030, 0.46
596, 1030, 0.46
597, 1030, 0.46
598, 1020, 0.44
599, 1020, 0.44
600, 1020, 0.44
601, 1020, 0.44
602, 1020, 0.44
603, 1020, 0.44
604, 1020, 0.44
605, 1020, 0.44
606, 1020, 0.44
607, 1020, 0.44
608, 1020, 0.44
609, 1020, 0.44
610, 1020, 0.44
611, 1020, 0.44
612, 1020, 0.44
613, 1020, 0.44
614, 1020, 0.44
615, 1020, 0.44
616, 1020, 0.44
617, 1020, 0.44
618, 1010, 0.42
619, 1010, 0.42
620, 1010, 0.42
621, 1010, 0.42
622, 1010, 0.42
623, 1010, 0.42
624, 1010, 0.42
625, 1010, 0.42
626, 1010, 0.42
627, 1010, 0.42
628, 1010, 0.42
629, 1010, 0.42
630, 1010, 0.42
631, 1010, 0.42
632, 1010, 0.42
633, 1010, 0.42
634, 1010, 0.42
635, 1010, 0.42
636, 1010, 0.42
637, 1010, 0.42
638, 1010, 0.42
639, 1010, 0.42
640, 1010, 0.42
641, 1010, 0.42
642, 1010, 0.42
643, 1010, 0.42
644, 1010, 0.42
645, 1010, 0.42
646, 1010, 0.42
647, 1010, 0.42
648, 1010, 0.42
649, 1000, 0.40
650, 1000, 0.40
651, 1000, 0.40
652, 1000, 0.40
653, 1000, 0.40
654, 1000, 0.40
655, 1000, 0.40
656, 1000, 0.40
657, 1000, 0.40
658, 1000, 0.40
659, 1000, 0.40
660, 1000, 0.40
661, 1000, 0.40
662, 1000, 0.40
663, 1000, 0.40
664, 1000, 0.40
665, 1000, 0.40
666, 1000, 0.40
667, 1000, 0.40
668, 1000, 0.40
669, 1000, 0.40
670, 1000, 0.40
671, 1000, 0.40
672, 1000, 0.40
673, 1000, 0.40
674, 1000, 0.40
675, 1000, 0.40
676, 1000, 0.40
677, 1000, 0.40
678, 1000, 0.40
679, 1000, 0.40
680, 1000, 0.40
681, 1000, 0.40
682, 1000, 0.40
683, 1000, 0.40
684, 1000, 0.40
685, 1000, 0.40
686, 1000, 0.40
687, 1000, 0.40
688, 1000, 0.40
689, 1000, 0.40
690, 1000, 0.40
691, 1000, 0.40
692, 1000, 0.40
693, 1000, 0.40
694, 1000, 0.40
695, 1000, 0.40
696, 1000, 0.40
697, 990, 0.38
698, 990, 0.38
699, 990, 0.38
700, 990, 0.38
701, 990, 0.38
702, 990, 0.38
703, 990, 0.38
704, 990, 0.38
705, 990, 0.38
706, 990, 0.38
707, 990, 0.38
708, 990, 0.38
709, 990, 0.38
710, 990, 0.38
711, 990, 0.38
712, 990, 0.38
713, 990, 0.38
714, 990, 0.38
715, 990, 0.38
716, 990, 0.38
717, 990, 0.38
718, 990, 0.38
719, 990, 0.38
720, 990, 0.38
721, 990, 0.38
722, 990, 0.38
723, 990, 0.38
724, 990, 0.38
725, 990, 0.38
726, 990, 0.38
727, 990, 0.38
728, 990, 0.38
729, 990, 0.38
730, 990, 0.38
731, 990, 0.38
732, 990, 0.38
733, 990, 0.38
734, 990, 0.38
735, 990, 0.38
736, 990, 0.38
737, 990, 0.38
738, 990, 0.38
739, 990, 0.38
740, 990, 0.38
741, 990, 0.38
742, 990, 0.38
743, 990, 0.38
744, 990, 0.38
745, 990, 0.38
746, 990, 0.38
747, 990, 0.38
748, 980, 0.36
749, 980, 0.36
750, 980, 0.36
751, 980, 0.36
752, 980, 0.36
753, 980, 0.36
754, 980, 0.36
755, 980, 0.36
756, 980, 0.36
757, 980, 0.36
758, 980, 0.36
759, 980, 0.36
760, 980, 0.36
761, 980, 0.36
762, 980, 0.36
763, 980, 0.36
764, 980, 0.36
765, 980, 0.36
766, 980, 0.36
767, 980, 0.36
768, 980, 0.36
769, 980, 0.36
770, 980, 0.36
771, 980, 0.36
772, 980, 0.36
773, 980, 0.36
774, 980, 0.36
775, 980, 0.36
776, 980, 0.36
777, 980, 0.36
778, 980, 0.36
779, 980, 0.36
780, 970, 0.34
781, 970, 0.34
782, 970, 0.34
783, 970, 0.34
784, 970, 0.34
785, 970, 0.34
786, 970, 0.34
787, 970, 0.34
788, 970, 0.34
789, 970, 0.34
790, 970, 0.34
791, 970, 0.34
792, 970, 0.34
793, 970, 0.34
794, 970, 0.34
795, 970, 0.34
796, 970, 0.34
797, 970, 0.34
798, 970, 0.34
799, 970, 0.34
800, 970, 0.34
801, 970, 0.34
802, 970, 0.34
803, 970, 0.34
804, 970, 0.34
805, 970, 0.34
806, 970, 0.34
807, 970, 0.34
808, 970, 0.34
809, 970, 0.34
810, 970, 0.34
811, 970, 0.34
812, 970, 0.34
813, 970, 0.34
814, 970, 0.34
815, 970, 0.34
816, 970, 0.34
817, 970, 0.34
818, 970, 0.34
819, 970, 0.34
820, 970, 0.34
821, 970, 0.34
822, 970, 0.34
823, 970, 0.34
824, 970, 0.34
825, 970, 0.34
826, 970, 0.34
827, 970, 0.34
828, 970, 0.34
829, 970, 0.34
830, 970, 0.34
831, 970, 0.34
832, 970, 0.34
833, 970, 0.34
834, 970, 0.34
835, 970, 0.34
836, 970, 0.34
837, 970, 0.34
838, 970, 0.34
839, 970, 0.34
840, 970, 0.34
841, 970, 0.34
842, 970, 0.34
843, 970, 0.34
844, 970, 0.34
845, 970, 0.34
846, 970, 0.34
847, 970, 0.34
848, 970, 0.34
849, 970, 0.34
850, 970, 0.34
851, 970, 0.34
852, 970, 0.34
853, 970, 0.34
854, 970, 0.34
855, 970, 0.34
856, 970, 0.34
857, 970, 0.34
858, 970, 0.34
859, 970, 0.34
860, 960, 0.32
861, 960, 0.32
862, 960, 0.32
863, 960, 0.32
864, 960, 0.32
865, 960, 0.32
866, 960, 0.32
867, 960, 0.32
868, 960, 0.32
869, 960, 0.32
870, 960, 0.32
871, 960, 0.32
872, 960, 0.32
873, 960, 0.32
874, 960, 0.32
875, 960, 0.32
876, 960, 0.32
877, 960, 0.32
878, 960, 0.32
879, 960, 0.32
880, 960, 0.32
881, 960, 0.32
882, 960, 0.32
883, 960, 0.32
884, 960, 0.32
885, 960, 0.32
886, 960, 0.32
887, 960, 0.32
888, 960, 0.32
889, 960, 0.32
890, 960, 0.32
891, 960, 0.32
892, 960, 0.32
893, 960, 0.32
894, 960, 0.32
895, 960, 0.32
896, 960, 0.32
897, 960, 0.32
898, 960, 0.32
899, 960, 0.32
900, 960, 0.32
901, 960, 0.32
902, 960, 0.32
903, 960, 0.32
905, 960, 0.32
906, 960, 0.32
907, 960, 0.32
908, 960, 0.32
909, 960, 0.32
910, 960, 0.32
911, 960, 0.32
912, 960, 0.32
913, 960, 0.32
914, 960, 0.32
915, 960, 0.32
916, 960, 0.32
917, 960, 0.32
918, 960, 0.32
919, 960, 0.32
920, 960, 0.32
921, 960, 0.32
922, 950, 0.30
923, 950, 0.30
924, 950, 0.30
925, 950, 0.30
926, 950, 0.30
927, 950, 0.30
928, 950, 0.30
929, 950, 0.30
930, 950, 0.30
931, 950, 0.30
932, 950, 0.30
933, 950, 0.30
934, 950, 0.30
935, 950, 0.30
936, 950, 0.30
937, 950, 0.30
938, 950, 0.30
939, 950, 0.30
940, 950, 0.30
941, 950, 0.30
942, 950, 0.30
943, 950, 0.30
944, 950, 0.30
945, 950, 0.30
946, 950, 0.30
947, 950, 0.30
948, 950, 0.30
949, 950, 0.30
950, 950, 0.30
951, 950, 0.30
952, 950, 0.30
953, 950, 0.30
954, 950, 0.30
955, 950, 0.30
956, 950, 0.30
957, 950, 0.30
958, 950, 0.30
959, 950, 0.30
960, 950, 0.30
961, 950, 0.30
962, 950, 0.30
963, 950, 0.30
964, 950, 0.30
965, 950, 0.30
966, 950, 0.30
967, 950, 0.30
968, 950, 0.30
969, 950, 0.30
970, 950, 0.30
971, 950, 0.30
972, 950, 0.30
973, 950, 0.30
974, 950, 0.30
975, 950, 0.30
976, 950, 0.30
977, 950, 0.30
978, 950, 0.30
979, 950, 0.30
980, 950, 0.30
981, 950, 0.30
982, 950, 0.30
983, 950, 0.30
984, 950, 0.30
985, 950, 0.30
986, 950, 0.30
987, 950, 0.30
988, 950, 0.30
989, 950, 0.30
990, 950, 0.30
991, 950, 0.30
992, 950, 0.30
993, 950, 0.30
994, 950, 0.30
995, 950, 0.30
996, 950, 0.30
997, 950, 0.30
998, 950, 0.30
999, 950, 0.30
1000, 950, 0.30
1001, 950, 0.30
1002, 950, 0.30
1003, 950, 0.30
1004, 950, 0.30
1005, 950, 0.30
1006, 950, 0.30
1007, 950, 0.30
1008, 950, 0.30
1009, 950, 0.30
1010, 950, 0.30
1011, 950, 0.30
1012, 950, 0.30
1013, 950, 0.30
1014, 950, 0.30
1015, 950, 0.30
1016, 950, 0.30
1017, 950, 0.30
1018, 950, 0.30
1019, 950, 0.30
1020, 950, 0.30
1021, 950, 0.30
1022, 950, 0.30
1023, 950, 0.30
1024, 950, 0.30
1025, 950, 0.30
1026, 950, 0.30
1027, 950, 0.30
1028, 950, 0.30
1029, 950, 0.30
1030, 950, 0.30
1031, 950, 0.30
1032, 950, 0.30
1033, 950, 0.30
1034, 950, 0.30
1035, 950, 0.30
1036, 950, 0.30
1037, 950, 0.30
1038, 950, 0.30
1039, 950, 0.30
1040, 950, 0.30
1041, 950, 0.30
1042, 950, 0.30
1043, 950, 0.30
1044, 950, 0.30
1045, 950, 0.30
1046, 950, 0.30
1047, 950, 0.30
1048, 950, 0.30
1049, 950, 0.30
1050, 950, 0.30
1051, 950, 0.30
1052, 950, 0.30
1053, 950, 0.30
1054, 950, 0.30
1055, 940, 0.28
1056, 940, 0.28
1057, 940, 0.28
1058, 940, 0.28
1059, 940, 0.28
1060, 940, 0.28
1061, 940, 0.28
1062, 940, 0.28
1063, 940, 0.28
1064, 940, 0.28
1065, 940, 0.28
1066, 940, 0.28
1067, 940, 0.28
1068, 940, 0.28
1069, 940, 0.28
1070, 940, 0.28
1071, 940, 0.28
1072, 940, 0.28
1073, 940, 0.28
1074, 940, 0.28
1075, 940, 0.28
1076, 940, 0.28
1077, 940, 0.28
1078, 940, 0.28
1079, 940, 0.28
1080, 940, 0.28
1081, 940, 0.28
1082, 940, 0.28
1083, 940, 0.28
1084, 940, 0.28
1085, 940, 0.28
1086, 940, 0.28
1087, 940, 0.28
1088, 940, 0.28
1089, 940, 0.28
1090, 940, 0.28
1091, 940, 0.28
1092, 940, 0.28
1093, 940, 0.28
1094, 940, 0.28
1095, 940, 0.28
1096, 940, 0.28
1097, 940, 0.28
1098, 940, 0.28
1099, 940, 0.28
1100, 940, 0.28
1101, 940, 0.28
1102, 940, 0.28
1103, 940, 0.28
1104, 940, 0.28
1105, 940, 0.28
1106, 940, 0.28
1107, 940, 0.28
1108, 940, 0.28
1109, 940, 0.28
1110, 940, 0.28
1111, 940, 0.28
1112, 940, 0.28
1113, 940, 0.28
1114, 940, 0.28
1115, 940, 0.28
1116, 940, 0.28
1117, 940, 0.28
1118, 940, 0.28
1119, 940, 0.28
1120, 940, 0.28
1121, 940, 0.28
1122, 940, 0.28
1123, 940, 0.28
1124, 940, 0.28
1125, 940, 0.28
1126, 940, 0.28
1127, 940, 0.28
1128, 940, 0.28
1129, 940, 0.28
1130, 940, 0.28
1131, 940, 0.28
1132, 940, 0.28
1133, 940, 0.28
1134, 940, 0.28
1135, 940, 0.28
1136, 940, 0.28
1137, 940, 0.28
1138, 940, 0.28
1139, 940, 0.28
1140, 940, 0.28
1141, 940, 0.28
1142, 940, 0.28
1143, 940, 0.28
1144, 940, 0.28
1145, 940, 0.28
1146, 940, 0.28
1147, 940, 0.28
1148, 940, 0.28
1149, 940, 0.28
1150, 940, 0.28
1151, 940, 0.28
1152, 940, 0.28
1153, 940, 0.28
1154, 940, 0.28
1155, 940, 0.28
1156, 940, 0.28
1157, 940, 0.28
1158, 940, 0.28
1159, 940, 0.28
1160, 940, 0.28
1161, 940, 0.28
1162, 940, 0.28
1163, 940, 0.28
1164, 940, 0.28
1165, 940, 0.28
1166, 940, 0.28
1167, 940, 0.28
1168, 940, 0.28
1169, 940, 0.28
1170, 940, 0.28
1171, 940, 0.28
1172, 940, 0.28
1173, 940, 0.28
1174, 940, 0.28
1175, 940, 0.28
1176, 940, 0.28
1177, 940, 0.28
1178, 940, 0.28
1179, 940, 0.28
1180, 940, 0.28
1181, 940, 0.28
1182, 940, 0.28
1183, 940, 0.28
1184, 940, 0.28
1185, 940, 0.28
1186, 940, 0.28
1187, 940, 0.28
1188, 940, 0.28
1189, 940, 0.28
1190, 940, 0.28
1191, 940, 0.28
1192, 940, 0.28
1193, 940, 0.28
1194, 940, 0.28
1195, 940, 0.28
1196, 940, 0.28
1197, 940, 0.28
1198, 940, 0.28
1199, 940, 0.28
1200, 940, 0.28
1201, 940, 0.28
1202, 940, 0.28
1203, 940, 0.28
1204, 940, 0.28
1205, 940, 0.28
1206, 940, 0.28
1207, 940, 0.28
1208, 940, 0.28
1209, 940, 0.28
1210, 940, 0.28
1211, 940, 0.28
1212, 940, 0.28
1213, 940, 0.28
1214, 940, 0.28
1215, 930, 0.26
1216, 930, 0.26
1217, 930, 0.26
1218, 930, 0.26
1219, 930, 0.26
1220, 930, 0.26
1221, 930, 0.26
1222, 930, 0.26
1223, 930, 0.26
1224, 930, 0.26
1225, 930, 0.26
1226, 930, 0.26
1227, 930, 0.26
1228, 930, 0.26
1229, 930, 0.26
1230, 930, 0.26
1231, 930, 0.26
1232, 930, 0.26
1233, 930, 0.26
1234, 930, 0.26
1235, 930, 0.26
1236, 930, 0.26
1237, 930, 0.26
1238, 930, 0.26
1239, 930, 0.26
1240, 930, 0.26
1241, 930, 0.26
1242, 930, 0.26
1243, 930, 0.26
1244, 930, 0.26
1245, 930, 0.26
1246, 930, 0.26
1247, 930, 0.26
1248, 930, 0.26
1249, 930, 0.26
1250, 930, 0.26
1251, 930, 0.26
1252, 930, 0.26
1253, 930, 0.26
1254, 930, 0.26
1255, 930, 0.26
1256, 930, 0.26
1257, 930, 0.26
1258, 930, 0.26
1259, 930, 0.26
1260, 930, 0.26
1261, 930, 0.26
1262, 930, 0.26
1263, 930, 0.26
1264, 930, 0.26
1265, 930, 0.26
1266, 930, 0.26
1267, 930, 0.26
1268, 930, 0.26
1269, 930, 0.26
1270, 930, 0.26
1271, 930, 0.26
1272, 930, 0.26
1273, 930, 0.26
1274, 930, 0.26
1275, 930, 0.26
1276, 930, 0.26
1277, 930, 0.26
1278, 930, 0.26
1279, 930, 0.26
1280, 930, 0.26
1281, 930, 0.26
1282, 930, 0.26
1283, 930, 0.26
1284, 930, 0.26
1285, 930, 0.26
1286, 930, 0.26
1287, 930, 0.26
1288, 930, 0.26
1289, 930, 0.26
1290, 930, 0.26
1291, 930, 0.26
1292, 930, 0.26
1293, 930, 0.26
1294, 930, 0.26
1295, 930, 0.26
1296, 930, 0.26
1297, 930, 0.26
1298, 930, 0.26
1299, 930, 0.26
1300, 930, 0.26
1301, 930, 0.26
1302, 930, 0.26
1303, 930, 0.26
1304, 930, 0.26
1305, 930, 0.26
1306, 930, 0.26
1307, 930, 0.26
1308, 930, 0.26
1309, 930, 0.26
1310, 930, 0.26
1311, 930, 0.26
1312, 930, 0.26
1313, 930, 0.26
1314, 930, 0.26
1315, 930, 0.26
1316, 930, 0.26
1317, 930, 0.26
1318, 930, 0.26
1319, 930, 0.26
1320, 930, 0.26
1321, 930, 0.26
1322, 930, 0.26
1323, 930, 0.26
1324, 930, 0.26
1325, 920, 0.24
1326, 920, 0.24
1327, 920, 0.24
1328, 920, 0.24
1329, 920, 0.24
1330, 920, 0.24
1331, 920, 0.24
1332, 920, 0.24
1333, 920, 0.24
1334, 920, 0.24
1335, 920, 0.24
1336, 920, 0.24
1337, 920, 0.24
1338, 920, 0.24
1339, 920, 0.24
1340, 920, 0.24
1341, 920, 0.24
1342, 920, 0.24
1343, 920, 0.24
1344, 930, 0.26
1345, 930, 0.26
1346, 930, 0.26
1347, 930, 0.26
1348, 930, 0.26
1349, 930, 0.26
1350, 930, 0.26
1351, 930, 0.26
1352, 930, 0.26
1353, 930, 0.26
1354, 920, 0.24
1355, 920, 0.24
1356, 920, 0.24
1357, 920, 0.24
1358, 920, 0.24
1359, 920, 0.24
1360, 920, 0.24
1361, 920, 0.24
1362, 920, 0.24
1363, 920, 0.24
1364, 920, 0.24
1365, 920, 0.24
1366, 920, 0.24
1367, 920, 0.24
1368, 920, 0.24
1369, 920, 0.24
1370, 920, 0.24
1371, 920, 0.24
1372, 920, 0.24
1373, 920, 0.24
1374, 920, 0.24
1375, 920, 0.24
1376, 920, 0.24
1377, 920, 0.24
1378, 920, 0.24
1379, 920, 0.24
1380, 920, 0.24
1381, 920, 0.24
1382, 920, 0.24
1383, 920, 0.24
1384, 920, 0.24
1385, 920, 0.24
1386, 920, 0.24
1387, 920, 0.24
1388, 920, 0.24
1389, 920, 0.24
1390, 920, 0.24
1391, 920, 0.24
1392, 920, 0.24
1393, 920, 0.24
1394, 920, 0.24
1395, 920, 0.24
1396, 920, 0.24
1397, 920, 0.24
1398, 920, 0.24
1399, 920, 0.24
1400, 920, 0.24
1401, 920, 0.24
1402, 920, 0.24
1403, 920, 0.24
1404, 920, 0.24
1405, 920, 0.24
1406, 920, 0.24
1407, 920, 0.24
1408, 920, 0.24
1409, 920, 0.24
1410, 920, 0.24
1411, 920, 0.24
1412, 920, 0.24
1413, 920, 0.24
1414, 920, 0.24
1415, 920, 0.24
1416, 920, 0.24
1417, 920, 0.24
1418, 920, 0.24
1419, 920, 0.24
1420, 920, 0.24
1421, 920, 0.24
1422, 920, 0.24
1423, 920, 0.24
1424, 920, 0.24
1425, 920, 0.24
1426, 920, 0.24
1427, 920, 0.24
1428, 920, 0.24
1429, 920, 0.24
1430, 920, 0.24
1431, 920, 0.24
1432, 920, 0.24
1433, 920, 0.24
1434, 920, 0.24
1435, 920, 0.24
1436, 920, 0.24
1437, 920, 0.24
1438, 920, 0.24
1439, 920, 0.24
1440, 920, 0.24
1441, 920, 0.24
1442, 920, 0.24
1443, 920, 0.24
1444, 920, 0.24
1445, 920, 0.24
1446, 920, 0.24
1447, 920, 0.24
1448, 920, 0.24
1449, 920, 0.24
1450, 920, 0.24
1451, 920, 0.24
1452, 920, 0.24
1453, 920, 0.24
1454, 920, 0.24
1455, 920, 0.24
1456, 920, 0.24
1457, 920, 0.24
1458, 920, 0.24
1459, 920, 0.24
1460, 920, 0.24
1461, 920, 0.24
1462, 920, 0.24
1463, 920, 0.24
1464, 920, 0.24
1465, 920, 0.24
1466, 920, 0.24
1467, 920, 0.24
1468, 920, 0.24
1469, 920, 0.24
1470, 920, 0.24
1471, 920, 0.24
1472, 920, 0.24
1473, 920, 0.24
1474, 920, 0.24
1475, 920, 0.24
1476, 920, 0.24
1477, 920, 0.24
1478, 920, 0.24
1479, 920, 0.24
1480, 920, 0.24
1481, 920, 0.24
1482, 920, 0.24
1483, 920, 0.24
1484, 920, 0.24
1485, 920, 0.24
1486, 920, 0.24
1487, 920, 0.24
1488, 920, 0.24
1489, 920, 0.24
1490, 920, 0.24
1491, 920, 0.24
1492, 920, 0.24
1493, 920, 0.24
1494, 920, 0.24
1495, 920, 0.24
1496, 920, 0.24
1497, 920, 0.24
1498, 920, 0.24
1499, 920, 0.24
1500, 920, 0.24
1501, 920, 0.24
1502, 920, 0.24
1503, 920, 0.24
1504, 920, 0.24
1505, 920, 0.24
1506, 920, 0.24
1507, 920, 0.24
1508, 920, 0.24
1509, 920, 0.24
1510, 920, 0.24
1511, 920, 0.24
1512, 920, 0.24
1513, 920, 0.24
1514, 920, 0.24
1515, 930, 0.26
1516, 930, 0.26
1517, 930, 0.26
1518, 930, 0.26
1519, 930, 0.26
1520, 930, 0.26
1521, 930, 0.26
1522, 930, 0.26
1523, 930, 0.26
1524, 930, 0.26
1525, 930, 0.26
1526, 930, 0.26
1527, 930, 0.26
1528, 930, 0.26
1529, 930, 0.26
1530, 930, 0.26
1531, 930, 0.26
1532, 930, 0.26
1533, 930, 0.26
1534, 930, 0.26
1535, 930, 0.26
1536, 930, 0.26
1537, 930, 0.26
1538, 930, 0.26
1539, 930, 0.26
1540, 930, 0.26
1541, 930, 0.26
1542, 930, 0.26
1543, 930, 0.26
1544, 930, 0.26
1545, 930, 0.26
1546, 930, 0.26
1547, 930, 0.26
1548, 930, 0.26
1549, 930, 0.26
1550, 930, 0.26
1551, 930, 0.26
1552, 930, 0.26
1553, 930, 0.26
1554, 930, 0.26
1555, 930, 0.26
1556, 930, 0.26
1557, 930, 0.26
1558, 930, 0.26
1559, 930, 0.26
1560, 930, 0.26
1561, 930, 0.26
1562, 930, 0.26
1563, 930, 0.26
1564, 930, 0.26
1565, 930, 0.26
1566, 930, 0.26
1567, 930, 0.26
1568, 930, 0.26
1569, 930, 0.26
1570, 930, 0.26
1571, 930, 0.26
1572, 930, 0.26
1573, 930, 0.26
1574, 930, 0.26
1575, 930, 0.26
1576, 930, 0.26
1577, 930, 0.26
1578, 930, 0.26
1579, 930, 0.26
1580, 930, 0.26
1581, 930, 0.26
1582, 930, 0.26
1583, 930, 0.26
1584, 930, 0.26
1585, 930, 0.26
1586, 930, 0.26
1587, 930, 0.26
1588, 930, 0.26
1589, 930, 0.26
1590, 930, 0.26
1591, 930, 0.26
1592, 930, 0.26
1593, 930, 0.26
1594, 930, 0.26
1595, 930, 0.26
1596, 930, 0.26
1597, 930, 0.26
1598, 930, 0.26
1599, 930, 0.26
1600, 930, 0.26
1601, 930, 0.26
1602, 930, 0.26
1603, 930, 0.26
1604, 920, 0.24
1605, 920, 0.24
1606, 920, 0.24
1607, 920, 0.24
1608, 930, 0.26
1609, 930, 0.26
1610, 920, 0.24
1611, 920, 0.24
1612, 920, 0.24
1613, 920, 0.24
1614, 920, 0.24
1615, 920, 0.24
1616, 920, 0.24
1617, 920, 0.24
1618, 920, 0.24
1619, 920, 0.24
1620, 920, 0.24
1621, 920, 0.24
1622, 920, 0.24
1623, 920, 0.24
1624, 920, 0.24
1625, 920, 0.24
1626, 920, 0.24
1627, 920, 0.24
1628, 920, 0.24
1629, 920, 0.24
1630, 920, 0.24
1631, 920, 0.24
1632, 920, 0.24
1633, 920, 0.24
1634, 920, 0.24
1635, 920, 0.24
1636, 920, 0.24
1637, 920, 0.24
1638, 920, 0.24
1639, 920, 0.24
1640, 920, 0.24
1641, 920, 0.24
1642, 920, 0.24
1643, 920, 0.24
1644, 920, 0.24
1645, 920, 0.24
1646, 910, 0.22
1647, 910, 0.22
1648, 910, 0.22
1649, 910, 0.22
1650, 910, 0.22
1651, 910, 0.22
1652, 910, 0.22
1653, 910, 0.22
1654, 910, 0.22
1655, 910, 0.22
1656, 910, 0.22
1657, 910, 0.22
1658, 910, 0.22
1659, 910, 0.22
1660, 910, 0.22
1661, 910, 0.22
1662, 910, 0.22
1663, 910, 0.22
1664, 910, 0.22
1665, 910, 0.22
1666, 910, 0.22
1667, 910, 0.22
1668, 910, 0.22
1669, 910, 0.22
1670, 910, 0.22
1671, 910, 0.22
1672, 910, 0.22
1673, 910, 0.22
1674, 910, 0.22
1675, 910, 0.22
1676, 910, 0.22
1677, 910, 0.22
1678, 910, 0.22
1679, 910, 0.22
1680, 910, 0.22
1681, 910, 0.22
1682, 910, 0.22
1683, 910, 0.22
1684, 910, 0.22
1685, 910, 0.22
1686, 910, 0.22
1687, 910, 0.22
1688, 910, 0.22
1689, 910, 0.22
1690, 910, 0.22
1691, 910, 0.22
1692, 910, 0.22
1693, 910, 0.22
1694, 910, 0.22
1695, 910, 0.22
1696, 910, 0.22
1697, 910, 0.22
1698, 910, 0.22
1699, 910, 0.22
1700, 910, 0.22
1701, 910, 0.22
1702, 910, 0.22
1703, 910, 0.22
1704, 910, 0.22
1705, 910, 0.22
1706, 910, 0.22
1707, 910, 0.22
1708, 910, 0.22
1709, 910, 0.22
1710, 910, 0.22
1711, 910, 0.22
1712, 910, 0.22
1713, 910, 0.22
1714, 910, 0.22
1715, 910, 0.22
1716, 910, 0.22
1717, 910, 0.22
1718, 910, 0.22
1719, 910, 0.22
1720, 910, 0.22
1721, 910, 0.22
1722, 910, 0.22
1723, 910, 0.22
1724, 910, 0.22
1725, 910, 0.22
1726, 910, 0.22
1727, 910, 0.22
1728, 910, 0.22
1729, 910, 0.22
1730, 910, 0.22
1731, 910, 0.22
1732, 910, 0.22
1733, 910, 0.22
1734, 910, 0.22
1735, 910, 0.22
1736, 910, 0.22
1737, 910, 0.22
1738, 910, 0.22
1739, 910, 0.22
1740, 910, 0.22
1741, 910, 0.22
1742, 910, 0.22
1743, 910, 0.22
1744, 910, 0.22
1745, 910, 0.22
1746, 910, 0.22
1747, 910, 0.22
1748, 910, 0.22
1749, 900, 0.20
1750, 900, 0.20
1751, 900, 0.20
1752, 900, 0.20
1753, 900, 0.20
1754, 900, 0.20
1755, 900, 0.20
1756, 900, 0.20
1757, 900, 0.20
1758, 900, 0.20
1759, 900, 0.20
1760, 900, 0.20
1761, 900, 0.20
1762, 900, 0.20
1763, 900, 0.20
1764, 900, 0.20
1765, 900, 0.20
1766, 900, 0.20
1767, 900, 0.20
1768, 900, 0.20
1769, 900, 0.20
1770, 900, 0.20
1771, 900, 0.20
1772, 900, 0.20
1773, 900, 0.20
1774, 900, 0.20
1775, 900, 0.20
1776, 900, 0.20
1777, 900, 0.20
1778, 900, 0.20
1779, 900, 0.20
1780, 900, 0.20
1781, 900, 0.20
1782, 900, 0.20
1783, 900, 0.20
1784, 900, 0.20
1785, 900, 0.20
1786, 900, 0.20
1787, 900, 0.20
1788, 900, 0.20
1789, 900, 0.20
1790, 900, 0.20
1791, 900, 0.20
1792, 900, 0.20
1793, 900, 0.20
1794, 900, 0.20
1795, 900, 0.20
1796, 900, 0.20
1797, 900, 0.20
1798, 900, 0.20
1799, 900, 0.20
1800, 900, 0.20
1801, 900, 0.20
1802, 900, 0.20
1803, 900, 0.20
1804, 900, 0.20
1805, 900, 0.20
1806, 900, 0.20
1807, 900, 0.20
1808, 900, 0.20
1809, 900, 0.20
1810, 900, 0.20
1811, 900, 0.20
1812, 900, 0.20
1813, 900, 0.20
1814, 900, 0.20
1815, 900, 0.20
1816, 900, 0.20
1817, 900, 0.20
1818, 900, 0.20
1819, 900, 0.20
1820, 900, 0.20
1821, 900, 0.20
1822, 900, 0.20
1823, 900, 0.20
1824, 900, 0.20
1825, 900, 0.20
1826, 900, 0.20
1827, 900, 0.20
1828, 900, 0.20
1829, 900, 0.20
1830, 900, 0.20
1831, 900, 0.20
1832, 900, 0.20
1833, 900, 0.20
1834, 900, 0.20
1835, 900, 0.20
1836, 900, 0.20
1837, 900, 0.20
1838, 900, 0.20
1839, 900, 0.20
1840, 900, 0.20
1841, 900, 0.20
1842, 900, 0.20
1843, 900, 0.20
1844, 900, 0.20
1845, 900, 0.20
1846, 900, 0.20
1847, 900, 0.20
1848, 900, 0.20
1849, 900, 0.20
1850, 900, 0.20
1851, 900, 0.20
1852, 900, 0.20
1853, 900, 0.20
1854, 900, 0.20
1855, 900, 0.20
1856, 900, 0.20
1857, 900, 0.20
1858, 900, 0.20
1859, 900, 0.20
1860, 900, 0.20
1861, 900, 0.20
1862, 900, 0.20
1863, 900, 0.20
1864, 900, 0.20
1865, 900, 0.20
1866, 900, 0.20
1867, 900, 0.20
1868, 900, 0.20
1869, 900, 0.20
1870, 900, 0.20
1871, 900, 0.20
1872, 900, 0.20
1873, 900, 0.20
1874, 890, 0.18
1875, 890, 0.18
1876, 890, 0.18
1877, 890, 0.18
1878, 900, 0.20
1879, 900, 0.20
1881, 900, 0.20
1882, 900, 0.20
1883, 900, 0.20
1884, 900, 0.20
1885, 900, 0.20
1886, 900, 0.20
1887, 900, 0.20
1888, 900, 0.20
1889, 900, 0.20
1890, 900, 0.20
1891, 900, 0.20
1892, 900, 0.20
1893, 900, 0.20
1894, 900, 0.20
1895, 900, 0.20
1896, 900, 0.20
1897, 900, 0.20
1898, 900, 0.20
1899, 890, 0.18
1900, 890, 0.18
1901, 900, 0.20
1902, 900, 0.20
1903, 900, 0.20
1904, 900, 0.20
1905, 900, 0.20
1906, 900, 0.20
1907, 900, 0.20
1908, 900, 0.20
1909, 900, 0.20
1910, 900, 0.20
1911, 900, 0.20
1912, 900, 0.20
1913, 900, 0.20
1914, 900, 0.20
1915, 900, 0.20
1916, 900, 0.20
1917, 900, 0.20
1918, 900, 0.20
1919, 900, 0.20
1920, 900, 0.20
1921, 900, 0.20
1922, 900, 0.20
1923, 900, 0.20
1924, 900, 0.20
1925, 890, 0.18
1926, 890, 0.18
1927, 890, 0.18
1928, 890, 0.18
1929, 890, 0.18
1930, 890, 0.18
1931, 890, 0.18
1932, 890, 0.18
1933, 890, 0.18
1934, 890, 0.18
1935, 890, 0.18
1936, 890, 0.18
1937, 890, 0.18
1938, 890, 0.18
1939, 890, 0.18
1940, 890, 0.18
1941, 890, 0.18
1942, 890, 0.18
1943, 890, 0.18
1944, 890, 0.18
1945, 890, 0.18
1946, 890, 0.18
1947, 890, 0.18
1948, 890, 0.18
1949, 890, 0.18
1950, 890, 0.18
1951, 890, 0.18
1952, 890, 0.18
1953, 890, 0.18
1954, 890, 0.18
1955, 890, 0.18
1956, 890, 0.18
1957, 890, 0.18
1958, 890, 0.18
1959, 890, 0.18
1960, 890, 0.18
1961, 890, 0.18
1962, 890, 0.18
1963, 890, 0.18
1964, 890, 0.18
1965, 890, 0.18
1966, 890, 0.18
1967, 890, 0.18
1968, 890, 0.18
1969, 890, 0.18
1970, 890, 0.18
1971, 890, 0.18
1972, 890, 0.18
1973, 890, 0.18
1974, 890, 0.18
1975, 890, 0.18
1976, 890, 0.18
1977, 890, 0.18
1978, 890, 0.18
1979, 890, 0.18
1980, 890, 0.18
1981, 890, 0.18
1982, 890, 0.18
1983, 890, 0.18
1984, 890, 0.18
1985, 890, 0.18
1986, 890, 0.18
1987, 890, 0.18
1988, 890, 0.18
1989, 890, 0.18
1990, 890, 0.18
1991, 890, 0.18
1992, 890, 0.18
1993, 890, 0.18
1994, 890, 0.18
1995, 890, 0.18
1996, 890, 0.18
1997, 890, 0.18
1998, 890, 0.18
1999, 890, 0.18
2000, 890, 0.18
2001, 890, 0.18
2002, 890, 0.18
2003, 890, 0.18
2004, 890, 0.18
2005, 890, 0.18
2006, 890, 0.18
2007, 890, 0.18
2008, 890, 0.18
2009, 890, 0.18
2010, 890, 0.18
2011, 890, 0.18
2012, 890, 0.18
2013, 890, 0.18
2014, 890, 0.18
2015, 890, 0.18
2016, 890, 0.18
2017, 890, 0.18
2018, 890, 0.18
2019, 890, 0.18
2020, 890, 0.18
2021, 890, 0.18
2022, 890, 0.18
2023, 890, 0.18
2024, 890, 0.18
2025, 890, 0.18
2026, 890, 0.18
2027, 890, 0.18
2028, 890, 0.18
2029, 890, 0.18
2030, 890, 0.18
2031, 890, 0.18
2032, 890, 0.18
2033, 890, 0.18
2034, 890, 0.18
2035, 890, 0.18
2036, 890, 0.18
2037, 890, 0.18
2038, 890, 0.18
2039, 890, 0.18
2040, 890, 0.18
2041, 890, 0.18
2042, 890, 0.18
2043, 890, 0.18
2044, 890, 0.18
2045, 890, 0.18
2046, 890, 0.18
2047, 890, 0.18
2048, 890, 0.18
2049, 890, 0.18
2050, 890, 0.18
2051, 890, 0.18
2052, 890, 0.18
2053, 890, 0.18
2054, 890, 0.18
2055, 890, 0.18
2056, 890, 0.18
2057, 890, 0.18
2058, 890, 0.18
2059, 890, 0.18
2060, 890, 0.18
2061, 890, 0.18
2062, 890, 0.18
2063, 890, 0.18
2064, 890, 0.18
2065, 890, 0.18
2066, 890, 0.18
2067, 890, 0.18
2068, 890, 0.18
2069, 890, 0.18
2070, 890, 0.18
2071, 890, 0.18
2072, 890, 0.18
2073, 890, 0.18
2074, 890, 0.18
2075, 890, 0.18
2076, 890, 0.18
2077, 890, 0.18
2078, 890, 0.18
2079, 890, 0.18
2080, 890, 0.18
2081, 890, 0.18
2082, 890, 0.18
2083, 890, 0.18
2084, 890, 0.18
2085, 890, 0.18
2086, 890, 0.18
2087, 890, 0.18
2088, 890, 0.18
2089, 890, 0.18
2090, 890, 0.18
2091, 890, 0.18
2092, 890, 0.18
2093, 890, 0.18
2094, 890, 0.18
2095, 890, 0.18
2096, 890, 0.18
2097, 890, 0.18
2098, 890, 0.18
2099, 890, 0.18
2100, 890, 0.18
2101, 890, 0.18
2102, 890, 0.18
2103, 890, 0.18
2104, 890, 0.18
2105, 890, 0.18
2106, 890, 0.18
2107, 890, 0.18
2108, 890, 0.18
2109, 890, 0.18
2110, 890, 0.18
2111, 890, 0.18
2112, 890, 0.18
2113, 890, 0.18
2114, 890, 0.18
2115, 890, 0.18
2116, 890, 0.18
2117, 890, 0.18
2118, 890, 0.18
2119, 890, 0.18
2120, 890, 0.18
2121, 890, 0.18
2122, 890, 0.18
2123, 890, 0.18
2124, 890, 0.18
2125, 890, 0.18
2126, 890, 0.18
2127, 890, 0.18
2128, 890, 0.18
2129, 890, 0.18
2130, 890, 0.18
2131, 890, 0.18
2132, 890, 0.18
2133, 890, 0.18
2134, 890, 0.18
2135, 890, 0.18
2136, 890, 0.18
2137, 890, 0.18
2138, 890, 0.18
2139, 890, 0.18
2140, 890, 0.18
2141, 890, 0.18
2142, 890, 0.18
2143, 890, 0.18
2144, 890, 0.18
2145, 890, 0.18
2146, 890, 0.18
2147, 890, 0.18
2148, 890, 0.18
2149, 890, 0.18
2150, 890, 0.18
2151, 890, 0.18
2152, 890, 0.18
2153, 890, 0.18
2154, 890, 0.18
2155, 890, 0.18
2156, 890, 0.18
2157, 890, 0.18
2158, 890, 0.18
2159, 890, 0.18
2160, 890, 0.18
2161, 890, 0.18
2162, 890, 0.18
2163, 880, 0.16
2164, 880, 0.16
2165, 880, 0.16
2166, 880, 0.16
2167, 880, 0.16
2168, 880, 0.16
2169, 880, 0.16
2170, 880, 0.16
2171, 880, 0.16
2172, 880, 0.16
2173, 880, 0.16
2174, 880, 0.16
2175, 880, 0.16
2176, 880, 0.16
2177, 880, 0.16
2178, 880, 0.16
2179, 880, 0.16
2180, 890, 0.18
2181, 890, 0.18
2182, 890, 0.18
2183, 890, 0.18
2184, 890, 0.18
2185, 890, 0.18
2186, 890, 0.18
2187, 890, 0.18
2188, 890, 0.18
2189, 890, 0.18
2190, 890, 0.18
2191, 890, 0.18
2192, 890, 0.18
2193, 890, 0.18
2194, 890, 0.18
2195, 890, 0.18
2196, 880, 0.16
2197, 880, 0.16
2198, 880, 0.16
2199, 880, 0.16
2200, 880, 0.16
2201, 880, 0.16
2202, 880, 0.16
2203, 880, 0.16
2204, 880, 0.16
2205, 880, 0.16
2206, 880, 0.16
2207, 880, 0.16
2208, 880, 0.16
2209, 880, 0.16
2210, 880, 0.16
2211, 880, 0.16
2212, 880, 0.16
2213, 880, 0.16
2214, 880, 0.16
2215, 880, 0.16
2216, 880, 0.16
2217, 880, 0.16
2218, 880, 0.16
2219, 880, 0.16
2220, 880, 0.16
2221, 880, 0.16
2222, 880, 0.16
2223, 880, 0.16
2224, 880, 0.16
2225, 880, 0.16
2226, 880, 0.16
2227, 880, 0.16
2228, 880, 0.16
2229, 880, 0.16
2230, 880, 0.16
2231, 880, 0.16
2232, 880, 0.16
2233, 880, 0.16
2234, 880, 0.16
2235, 880, 0.16
2236, 880, 0.16
2237, 880, 0.16
2238, 880, 0.16
2239, 880, 0.16
2240, 880, 0.16
2241, 880, 0.16
2242, 880, 0.16
2243, 880, 0.16
2244, 880, 0.16
2245, 880, 0.16
2246, 880, 0.16
2247, 880, 0.16
2248, 880, 0.16
2249, 880, 0.16
2250, 880, 0.16
2251, 880, 0.16
2252, 880, 0.16
2253, 880, 0.16
2254, 880, 0.16
2255, 880, 0.16
2256, 880, 0.16
2257, 880, 0.16
2258, 880, 0.16
2259, 880, 0.16
2260, 880, 0.16
2261, 880, 0.16
2262, 880, 0.16
2263, 880, 0.16
2264, 880, 0.16
2265, 880, 0.16
2266, 880, 0.16
2267, 880, 0.16
2268, 880, 0.16
2269, 880, 0.16
2270, 880, 0.16
2271, 880, 0.16
2272, 880, 0.16
2273, 880, 0.16
2274, 880, 0.16
2275, 880, 0.16
2276, 880, 0.16
2277, 880, 0.16
2278, 880, 0.16
2279, 880, 0.16
2280, 880, 0.16
2281, 880, 0.16
2282, 880, 0.16
2283, 880, 0.16
2284, 880, 0.16
2285, 880, 0.16
2286, 880, 0.16
2287, 880, 0.16
2288, 880, 0.16
2289, 880, 0.16
2290, 880, 0.16
2291, 880, 0.16
2292, 880, 0.16
2293, 880, 0.16
2294, 880, 0.16
2295, 880, 0.16
2296, 880, 0.16
2297, 880, 0.16
2298, 880, 0.16
2299, 880, 0.16
2300, 880, 0.16
2301, 880, 0.16
2302, 880, 0.16
2303, 880, 0.16
2304, 880, 0.16
2305, 880, 0.16
2306, 880, 0.16
2307, 880, 0.16
2308, 880, 0.16
2309, 880, 0.16
2310, 880, 0.16
2311, 880, 0.16
2312, 880, 0.16
2313, 880, 0.16
2314, 880, 0.16
2315, 880, 0.16
2316, 880, 0.16
2317, 880, 0.16
2318, 880, 0.16
2319, 880, 0.16
2320, 880, 0.16
2321, 880, 0.16
2322, 880, 0.16
2323, 880, 0.16
2324, 880, 0.16
2325, 880, 0.16
2326, 880, 0.16
2327, 880, 0.16
2328, 880, 0.16
2329, 880, 0.16
2330, 880, 0.16
2331, 880, 0.16
2332, 880, 0.16
2333, 880, 0.16
2334, 880, 0.16
2335, 880, 0.16
2336, 880, 0.16
2337, 880, 0.16
2338, 880, 0.16
2339, 880, 0.16
2340, 880, 0.16
2341, 880, 0.16
2342, 880, 0.16
2343, 880, 0.16
2344, 880, 0.16
2345, 880, 0.16
2346, 880, 0.16
2347, 880, 0.16
2348, 880, 0.16
2349, 880, 0.16
2350, 880, 0.16
2351, 880, 0.16
2352, 880, 0.16
2353, 880, 0.16
2354, 880, 0.16
2355, 880, 0.16
2356, 880, 0.16
2357, 880, 0.16
2358, 880, 0.16
2359, 880, 0.16
2360, 880, 0.16
2361, 880, 0.16
2362, 880, 0.16
2363, 880, 0.16
2364, 880, 0.16
2365, 880, 0.16
2366, 880, 0.16
2367, 880, 0.16
2368, 880, 0.16
2369, 880, 0.16
2370, 880, 0.16
2371, 880, 0.16
2372, 880, 0.16
2373, 880, 0.16
2374, 880, 0.16
2375, 880, 0.16
2376, 880, 0.16
2377, 880, 0.16
2378, 880, 0.16
2379, 880, 0.16
2380, 880, 0.16
2381, 880, 0.16
2382, 880, 0.16
2383, 880, 0.16
2384, 880, 0.16
2385, 880, 0.16
2386, 880, 0.16
2387, 880, 0.16
2388, 880, 0.16
2389, 880, 0.16
2390, 880, 0.16
2391, 880, 0.16
2392, 880, 0.16
2393, 880, 0.16
2394, 880, 0.16
2395, 880, 0.16
2396, 880, 0.16
2397, 880, 0.16
2398, 880, 0.16
2399, 880, 0.16
2400, 880, 0.16
2401, 880, 0.16
2402, 880, 0.16
2403, 880, 0.16
2404, 880, 0.16
2405, 880, 0.16
2406, 880, 0.16
2407, 880, 0.16
2408, 880, 0.16
2409, 880, 0.16
2410, 880, 0.16
2411, 880, 0.16
2412, 880, 0.16
2413, 880, 0.16
2414, 880, 0.16
2415, 880, 0.16
2416, 880, 0.16
2417, 880, 0.16
2418, 880, 0.16
2419, 880, 0.16
2420, 880, 0.16
2421, 880, 0.16
2422, 880, 0.16
2423, 880, 0.16
2424, 880, 0.16
2425, 880, 0.16
2426, 880, 0.16
2427, 880, 0.16
2428, 880, 0.16
2429, 880, 0.16
2430, 880, 0.16
2431, 880, 0.16
2432, 880, 0.16
2433, 880, 0.16
2434, 880, 0.16
2435, 880, 0.16
2436, 880, 0.16
2437, 880, 0.16
2438, 880, 0.16
2439, 880, 0.16
2440, 880, 0.16
2441, 880, 0.16
2442, 880, 0.16
2443, 880, 0.16
2444, 880, 0.16
2445, 880, 0.16
2446, 880, 0.16
2447, 880, 0.16
2448, 880, 0.16
2449, 880, 0.16
2450, 880, 0.16
2451, 880, 0.16
2452, 880, 0.16
2453, 880, 0.16
2454, 880, 0.16
2455, 880, 0.16
2456, 880, 0.16
2457, 880, 0.16
2458, 880, 0.16
2459, 880, 0.16
2460, 880, 0.16
2461, 880, 0.16
2462, 880, 0.16
2463, 880, 0.16
2464, 880, 0.16
2465, 880, 0.16
2466, 880, 0.16
2467, 880, 0.16
2468, 880, 0.16
2469, 880, 0.16
2470, 880, 0.16
2471, 880, 0.16
2472, 870, 0.14
2473, 870, 0.14
2474, 880, 0.16
2475, 880, 0.16
2476, 880, 0.16
2477, 880, 0.16
2478, 880, 0.16
2479, 880, 0.16
2480, 870, 0.14
2481, 870, 0.14
2482, 870, 0.14
2483, 870, 0.14
2484, 870, 0.14
2485, 870, 0.14
2486, 880, 0.16
2487, 880, 0.16
2488, 880, 0.16
2489, 880, 0.16
2490, 880, 0.16
2491, 880, 0.16
2492, 880, 0.16
2493, 880, 0.16
2494, 880, 0.16
2495, 880, 0.16
2496, 880, 0.16
2497, 880, 0.16
2498, 870, 0.14
2499, 870, 0.14
2500, 870, 0.14
2501, 870, 0.14
2502, 870, 0.14
2503, 870, 0.14
2504, 870, 0.14
2505, 870, 0.14
2506, 870, 0.14
2507, 870, 0.14
2508, 870, 0.14
2509, 870, 0.14
2510, 880, 0.16
2511, 880, 0.16
2512, 880, 0.16
2513, 880, 0.16
2514, 880, 0.16
2515, 880, 0.16
2516, 870, 0.14
2517, 870, 0.14
2518, 870, 0.14
2519, 870, 0.14
2520, 870, 0.14
2521, 870, 0.14
2522, 870, 0.14
2523, 870, 0.14
2524, 870, 0.14
2525, 870, 0.14
2526, 870, 0.14
2527, 870, 0.14
2528, 870, 0.14
2529, 870, 0.14
2530, 870, 0.14
2531, 870, 0.14
2532, 870, 0.14
2533, 880, 0.16
2534, 880, 0.16
2535, 880, 0.16
2536, 880, 0.16
2537, 880, 0.16
2538, 880, 0.16
2539, 880, 0.16
2540, 880, 0.16
2541, 870, 0.14
2542, 870, 0.14
2543, 870, 0.14
2544, 870, 0.14
2545, 870, 0.14
2546, 870, 0.14
2547, 870, 0.14
2548, 870, 0.14
2549, 870, 0.14
2550, 870, 0.14
2551, 870, 0.14
2552, 870, 0.14
2553, 870, 0.14
2554, 870, 0.14
2555, 870, 0.14
2556, 870, 0.14
2557, 870, 0.14
2558, 870, 0.14
2559, 870, 0.14
2560, 870, 0.14
2561, 870, 0.14
2562, 870, 0.14
2563, 870, 0.14
2564, 870, 0.14
2565, 870, 0.14
2566, 870, 0.14
2567, 870, 0.14
2568, 870, 0.14
2569, 870, 0.14
2570, 870, 0.14
2571, 870, 0.14
2572, 870, 0.14
2573, 870, 0.14
2574, 870, 0.14
2575, 870, 0.14
2576, 870, 0.14
2577, 870, 0.14
2578, 870, 0.14
2579, 870, 0.14
2580, 870, 0.14
2581, 870, 0.14
2582, 870, 0.14
2583, 870, 0.14
2584, 870, 0.14
2585, 870, 0.14
2586, 870, 0.14
2587, 870, 0.14
2588, 870, 0.14
2589, 870, 0.14
2590, 870, 0.14
2591, 870, 0.14
2592, 870, 0.14
2593, 870, 0.14
2594, 870, 0.14
2595, 870, 0.14
2596, 870, 0.14
2597, 870, 0.14
2598, 870, 0.14
2599, 870, 0.14
2600, 870, 0.14
2601, 870, 0.14
2602, 870, 0.14
2603, 870, 0.14
2604, 870, 0.14
2605, 870, 0.14
2606, 870, 0.14
2607, 870, 0.14
2608, 870, 0.14
2609, 870, 0.14
2610, 870, 0.14
2611, 870, 0.14
2612, 870, 0.14
2613, 870, 0.14
2614, 870, 0.14
2615, 870, 0.14
2616, 870, 0.14
2617, 870, 0.14
2618, 870, 0.14
2619, 870, 0.14
2620, 870, 0.14
2621, 870, 0.14
2622, 870, 0.14
2623, 870, 0.14
2624, 870, 0.14
2625, 870, 0.14
2626, 870, 0.14
2627, 870, 0.14
2628, 870, 0.14
2629, 870, 0.14
2630, 870, 0.14
2631, 870, 0.14
2632, 870, 0.14
2633, 870, 0.14
2634, 870, 0.14
2635, 870, 0.14
2636, 870, 0.14
2637, 870, 0.14
2638, 870, 0.14
2639, 870, 0.14
2640, 870, 0.14
2641, 870, 0.14
2642, 870, 0.14
2643, 870, 0.14
2644, 870, 0.14
2645, 870, 0.14
2646, 870, 0.14
2647, 870, 0.14
2648, 870, 0.14
2649, 870, 0.14
2650, 870, 0.14
2651, 870, 0.14
2652, 870, 0.14
2653, 870, 0.14
2654, 870, 0.14
2655, 870, 0.14
2656, 870, 0.14
2657, 870, 0.14
2658, 870, 0.14
2659, 870, 0.14
2660, 870, 0.14
2661, 870, 0.14
2662, 870, 0.14
2663, 870, 0.14
2664, 870, 0.14
2665, 870, 0.14
2666, 870, 0.14
2667, 870, 0.14
2668, 870, 0.14
2669, 870, 0.14
2670, 870, 0.14
2671, 870, 0.14
2672, 870, 0.14
2673, 870, 0.14
2674, 870, 0.14
2675, 870, 0.14
2676, 870, 0.14
2677, 870, 0.14
2678, 870, 0.14
2679, 870, 0.14
2680, 870, 0.14
2681, 870, 0.14
2682, 870, 0.14
2683, 870, 0.14
2684, 870, 0.14
2685, 870, 0.14
2686, 870, 0.14
2687, 870, 0.14
2688, 870, 0.14
2689, 870, 0.14
2690, 870, 0.14
2691, 870, 0.14
2692, 870, 0.14
2693, 870, 0.14
2694, 870, 0.14
2695, 870, 0.14
2696, 870, 0.14
2697, 870, 0.14
2698, 870, 0.14
2699, 870, 0.14
2700, 870, 0.14
2701, 870, 0.14
2702, 870, 0.14
2703, 870, 0.14
2704, 870, 0.14
2705, 870, 0.14
2706, 870, 0.14
2707, 870, 0.14
2708, 870, 0.14
2709, 870, 0.14
2710, 870, 0.14
2711, 870, 0.14
2712, 870, 0.14
2713, 870, 0.14
2714, 870, 0.14
2715, 870, 0.14
2716, 870, 0.14
2717, 870, 0.14
2718, 870, 0.14
2719, 870, 0.14
2720, 870, 0.14
2721, 870, 0.14
2722, 870, 0.14
2723, 870, 0.14
2724, 870, 0.14
2725, 870, 0.14
2726, 870, 0.14
2727, 870, 0.14
2728, 870, 0.14
2729, 870, 0.14
2730, 870, 0.14
2731, 870, 0.14
2732, 870, 0.14
2733, 870, 0.14
2734, 870, 0.14
2735, 870, 0.14
2736, 870, 0.14
2737, 870, 0.14
2738, 870, 0.14
2739, 870, 0.14
2740, 870, 0.14
2741, 870, 0.14
2742, 870, 0.14
2743, 870, 0.14
2744, 870, 0.14
2745, 870, 0.14
2746, 870, 0.14
2747, 870, 0.14
2748, 870, 0.14
2749, 870, 0.14
2750, 870, 0.14
2751, 870, 0.14
2752, 870, 0.14
2753, 870, 0.14
2754, 870, 0.14
2755, 870, 0.14
2756, 870, 0.14
2757, 870, 0.14
2758, 870, 0.14
2759, 870, 0.14
2760, 870, 0.14
2761, 870, 0.14
2762, 870, 0.14
2763, 870, 0.14
2764, 870, 0.14
2765, 870, 0.14
2766, 870, 0.14
2767, 870, 0.14
2768, 870, 0.14
2769, 870, 0.14
2770, 870, 0.14
2771, 870, 0.14
2772, 870, 0.14
2773, 870, 0.14
2774, 870, 0.14
2775, 870, 0.14
2776, 870, 0.14
2777, 870, 0.14
2778, 870, 0.14
2779, 870, 0.14
2780, 870, 0.14
2781, 870, 0.14
2782, 870, 0.14
2783, 870, 0.14
2784, 870, 0.14
2785, 870, 0.14
2786, 870, 0.14
2787, 870, 0.14
2788, 870, 0.14
2789, 870, 0.14
2790, 870, 0.14
2791, 870, 0.14
2792, 870, 0.14
2793, 870, 0.14
2794, 870, 0.14
2795, 870, 0.14
2796, 870, 0.14
2797, 870, 0.14
2798, 870, 0.14
2799, 870, 0.14
2800, 870, 0.14
2801, 870, 0.14
2802, 870, 0.14
2803, 870, 0.14
2804, 870, 0.14
2805, 870, 0.14
2806, 870, 0.14
2807, 870, 0.14
2808, 870, 0.14
2809, 870, 0.14
2810, 870, 0.14
2811, 870, 0.14
2812, 870, 0.14
2813, 870, 0.14
2814, 870, 0.14
2815, 870, 0.14
2816, 870, 0.14
2817, 870, 0.14
2818, 870, 0.14
2819, 870, 0.14
2820, 870, 0.14
2821, 870, 0.14
2822, 870, 0.14
2823, 870, 0.14
2824, 870, 0.14
2825, 870, 0.14
2826, 870, 0.14
2827, 870, 0.14
2828, 870, 0.14
2829, 870, 0.14
2830, 870, 0.14
2831, 870, 0.14
2832, 870, 0.14
2833, 870, 0.14
2834, 870, 0.14
2835, 870, 0.14
2836, 870, 0.14
2837, 870, 0.14
2838, 870, 0.14
2839, 870, 0.14
2840, 870, 0.14
2841, 870, 0.14
2842, 870, 0.14
2843, 870, 0.14
2844, 870, 0.14
2845, 870, 0.14
2846, 870, 0.14
2847, 860, 0.12
2848, 860, 0.12
2849, 860, 0.12
2850, 860, 0.12
2851, 860, 0.12
2852, 860, 0.12
2853, 860, 0.12
2854, 860, 0.12
2855, 860, 0.12
2857, 860, 0.12
2858, 860, 0.12
2859, 860, 0.12
2860, 860, 0.12
2861, 860, 0.12
2862, 860, 0.12
2863, 860, 0.12
2864, 860, 0.12
2865, 860, 0.12
2866, 860, 0.12
2867, 860, 0.12
2868, 860, 0.12
2869, 860, 0.12
2870, 860, 0.12
2871, 860, 0.12
2872, 860, 0.12
2873, 860, 0.12
2874, 860, 0.12
2875, 860, 0.12
2876, 860, 0.12
2877, 860, 0.12
2878, 860, 0.12
2879, 860, 0.12
2880, 860, 0.12
2881, 860, 0.12
2882, 860, 0.12
2883, 860, 0.12
2884, 860, 0.12
2885, 860, 0.12
2886, 860, 0.12
2887, 860, 0.12
2888, 860, 0.12
2889, 860, 0.12
2890, 860, 0.12
2891, 860, 0.12
2892, 860, 0.12
2893, 860, 0.12
2894, 860, 0.12
2895, 860, 0.12
2896, 860, 0.12
2897, 860, 0.12
2898, 860, 0.12
2899, 860, 0.12
2900, 860, 0.12
2901, 860, 0.12
2902, 860, 0.12
2903, 860, 0.12
2904, 860, 0.12
2905, 860, 0.12
2906, 860, 0.12
2907, 860, 0.12
2908, 860, 0.12
2909, 860, 0.12
2910, 860, 0.12
2911, 860, 0.12
2912, 860, 0.12
2913, 860, 0.12
2914, 860, 0.12
2915, 860, 0.12
2916, 860, 0.12
2917, 860, 0.12
2918, 860, 0.12
2919, 860, 0.12
2920, 860, 0.12
2921, 860, 0.12
2922, 860, 0.12
2923, 860, 0.12
2924, 860, 0.12
2925, 860, 0.12
2926, 860, 0.12
2927, 860, 0.12
2928, 860, 0.12
2929, 860, 0.12
2930, 860, 0.12
2931, 860, 0.12
2932, 860, 0.12
2933, 860, 0.12
2934, 860, 0.12
2935, 860, 0.12
2936, 860, 0.12
2937, 860, 0.12
2938, 860, 0.12
2939, 860, 0.12
2940, 860, 0.12
2941, 860, 0.12
2942, 860, 0.12
2943, 860, 0.12
2944, 860, 0.12
2945, 860, 0.12
2946, 860, 0.12
2947, 860, 0.12
2948, 860, 0.12
2949, 860, 0.12
2950, 860, 0.12
2951, 860, 0.12
2952, 860, 0.12
2953, 860, 0.12
2954, 860, 0.12
2955, 860, 0.12
2956, 860, 0.12
2957, 860, 0.12
2958, 860, 0.12
2959, 860, 0.12
2960, 860, 0.12
2961, 860, 0.12
2962, 860, 0.12
2963, 860, 0.12
2964, 860, 0.12
2965, 860, 0.12
2966, 860, 0.12
2967, 860, 0.12
2968, 860, 0.12
2969, 860, 0.12
2970, 860, 0.12
2971, 860, 0.12
2972, 860, 0.12
2973, 860, 0.12
2974, 860, 0.12
2975, 860, 0.12
2976, 860, 0.12
2977, 860, 0.12
2978, 860, 0.12
2979, 860, 0.12
2980, 860, 0.12
2981, 860, 0.12
2982, 860, 0.12
2983, 860, 0.12
2984, 860, 0.12
2985, 860, 0.12
2986, 860, 0.12
2987, 860, 0.12
2988, 860, 0.12
2989, 860, 0.12
2990, 860, 0.12
2991, 860, 0.12
2992, 860, 0.12
2993, 860, 0.12
2994, 860, 0.12
2995, 860, 0.12
2996, 860, 0.12
2997, 860, 0.12
2998, 860, 0.12
2999, 860, 0.12
3000, 860, 0.12
3001, 860, 0.12
3002, 860, 0.12
3003, 860, 0.12
3004, 860, 0.12
3005, 860, 0.12
3006, 860, 0.12
3007, 860, 0.12
3008, 860, 0.12
3009, 860, 0.12
3010, 860, 0.12
3011, 860, 0.12
3012, 860, 0.12
3013, 860, 0.12
3014, 860, 0.12
3015, 860, 0.12
3016, 860, 0.12
3017, 860, 0.12
3018, 860, 0.12
3019, 860, 0.12
3020, 860, 0.12
3021, 860, 0.12
3022, 860, 0.12
3023, 860, 0.12
3024, 860, 0.12
3025, 860, 0.12
3026, 860, 0.12
3027, 860, 0.12
3028, 860, 0.12
3029, 860, 0.12
3030, 860, 0.12
3031, 860, 0.12
3032, 860, 0.12
3033, 860, 0.12
3034, 860, 0.12
3035, 860, 0.12
3036, 860, 0.12
3037, 860, 0.12
3038, 860, 0.12
3039, 860, 0.12
3040, 860, 0.12
3041, 860, 0.12
3042, 860, 0.12
3043, 860, 0.12
3044, 860, 0.12
3045, 860, 0.12
3046, 860, 0.12
3047, 860, 0.12
3048, 860, 0.12
3049, 860, 0.12
3050, 860, 0.12
3051, 860, 0.12
3052, 860, 0.12
3053, 860, 0.12
3054, 860, 0.12
3055, 860, 0.12
3056, 860, 0.12
3057, 860, 0.12
3058, 860, 0.12
3059, 860, 0.12
3060, 860, 0.12
3061, 860, 0.12
3062, 860, 0.12
3063, 860, 0.12
3064, 860, 0.12
3065, 860, 0.12
3066, 860, 0.12
3067, 860, 0.12
3068, 860, 0.12
3069, 860, 0.12
3070, 860, 0.12
3071, 860, 0.12
3072, 860, 0.12
3073, 860, 0.12
3074, 860, 0.12
3075, 860, 0.12
3076, 860, 0.12
3077, 860, 0.12
3078, 860, 0.12
3079, 860, 0.12
3080, 860, 0.12
3081, 860, 0.12
3082, 860, 0.12
3083, 860, 0.12
3084, 860, 0.12
3085, 860, 0.12
3086, 860, 0.12
3087, 860, 0.12
3088, 860, 0.12
3089, 860, 0.12
3090, 860, 0.12
3091, 860, 0.12
3092, 860, 0.12
3093, 860, 0.12
3094, 860, 0.12
3095, 860, 0.12
3096, 860, 0.12
3097, 860, 0.12
3098, 860, 0.12
3099, 860, 0.12
3100, 860, 0.12
3101, 860, 0.12
3102, 860, 0.12
3103, 860, 0.12
3104, 860, 0.12
3105, 860, 0.12
3106, 860, 0.12
3107, 860, 0.12
3108, 860, 0.12
3109, 860, 0.12
3110, 860, 0.12
3111, 860, 0.12
3112, 860, 0.12
3113, 860, 0.12
3114, 860, 0.12
3115, 860, 0.12
3116, 860, 0.12
3117, 860, 0.12
3118, 860, 0.12
3119, 860, 0.12
3120, 860, 0.12
3121, 860, 0.12
3122, 860, 0.12
3123, 860, 0.12
3124, 860, 0.12
3125, 860, 0.12
3126, 860, 0.12
3127, 860, 0.12
3128, 860, 0.12
3129, 860, 0.12
3130, 860, 0.12
3131, 860, 0.12
3132, 860, 0.12
3133, 860, 0.12
3134, 860, 0.12
3135, 860, 0.12
3136, 860, 0.12
3137, 860, 0.12
3138, 860, 0.12
3139, 860, 0.12
3140, 860, 0.12
3141, 860, 0.12
3142, 860, 0.12
3143, 860, 0.12
3144, 860, 0.12
3145, 860, 0.12
3146, 860, 0.12
3147, 860, 0.12
3148, 860, 0.12
3149, 860, 0.12
3150, 860, 0.12
3151, 860, 0.12
3152, 860, 0.12
3153, 860, 0.12
3154, 860, 0.12
3155, 860, 0.12
3156, 860, 0.12
3157, 860, 0.12
3158, 860, 0.12
3159, 860, 0.12
3160, 860, 0.12
3161, 860, 0.12
3162, 860, 0.12
3163, 860, 0.12
3164, 860, 0.12
3165, 860, 0.12
3166, 860, 0.12
3167, 860, 0.12
3168, 860, 0.12
3169, 860, 0.12
3170, 860, 0.12
3171, 860, 0.12
3172, 860, 0.12
3173, 860, 0.12
3174, 860, 0.12
3175, 860, 0.12
3176, 860, 0.12
3177, 860, 0.12
3178, 860, 0.12
3179, 860, 0.12
3180, 860, 0.12
3181, 860, 0.12
3182, 860, 0.12
3183, 860, 0.12
3184, 860, 0.12
3185, 860, 0.12
3186, 860, 0.12
3187, 860, 0.12
3188, 860, 0.12
3189, 860, 0.12
3190, 860, 0.12
3191, 860, 0.12
3192, 860, 0.12
3193, 860, 0.12
3194, 860, 0.12
3195, 860, 0.12
3196, 860, 0.12
3197, 860, 0.12
3198, 860, 0.12
3199, 860, 0.12
3200, 860, 0.12
3201, 860, 0.12
3202, 860, 0.12
3203, 860, 0.12
3204, 860, 0.12
3205, 860, 0.12
3206, 860, 0.12
3207, 860, 0.12
3208, 860, 0.12
3209, 860, 0.12
3210, 860, 0.12
3211, 860, 0.12
3212, 860, 0.12
3213, 860, 0.12
3214, 860, 0.12
3215, 860, 0.12
3216, 860, 0.12
3217, 860, 0.12
3218, 860, 0.12
3219, 860, 0.12
3220, 860, 0.12
3221, 860, 0.12
3222, 860, 0.12
3223, 860, 0.12
3224, 860, 0.12
3225, 860, 0.12
3226, 860, 0.12
3227, 860, 0.12
3228, 860, 0.12
3229, 860, 0.12
3230, 860, 0.12
3231, 860, 0.12
3232, 860, 0.12
3233, 860, 0.12
3234, 860, 0.12
3235, 860, 0.12
3236, 860, 0.12
3237, 860, 0.12
3238, 860, 0.12
3239, 860, 0.12
3240, 860, 0.12
3241, 860, 0.12
3242, 860, 0.12
3243, 860, 0.12
3244, 860, 0.12
3245, 860, 0.12
3246, 860, 0.12
3247, 860, 0.12
3248, 860, 0.12
3249, 860, 0.12
3250, 860, 0.12
3251, 860, 0.12
3252, 860, 0.12
3253, 860, 0.12
3254, 860, 0.12
3255, 860, 0.12
3256, 860, 0.12
3257, 860, 0.12
3258, 860, 0.12
3259, 860, 0.12
3260, 860, 0.12
3261, 860, 0.12
3262, 860, 0.12
3263, 860, 0.12
3264, 860, 0.12
3265, 860, 0.12
3266, 860, 0.12
3267, 860, 0.12
3268, 860, 0.12
3269, 860, 0.12
3270, 860, 0.12
3271, 860, 0.12
3272, 860, 0.12
3273, 860, 0.12
3274, 860, 0.12
3275, 860, 0.12
3276, 860, 0.12
3277, 860, 0.12
3278, 860, 0.12
3279, 860, 0.12
3280, 860, 0.12
3281, 860, 0.12
3282, 860, 0.12
3283, 860, 0.12
3284, 860, 0.12
3285, 860, 0.12
3286, 850, 0.10
3287, 850, 0.10
3288, 850, 0.10
3289, 850, 0.10
3290, 850, 0.10
3291, 850, 0.10
3292, 850, 0.10
3293, 850, 0.10
3294, 850, 0.10
3295, 850, 0.10
3296, 850, 0.10
3297, 850, 0.10
3298, 850, 0.10
3299, 850, 0.10
3300, 850, 0.10
3301, 850, 0.10
3302, 850, 0.10
3303, 850, 0.10
3304, 850, 0.10
3305, 850, 0.10
3306, 850, 0.10
3307, 850, 0.10
3308, 850, 0.10
3309, 850, 0.10
3310, 850, 0.10
3311, 850, 0.10
3312, 850, 0.10
3313, 850, 0.10
3314, 850, 0.10
3315, 850, 0.10
3316, 850, 0.10
3317, 850, 0.10
3318, 850, 0.10
3319, 850, 0.10
3320, 850, 0.10
3321, 850, 0.10
3322, 850, 0.10
3323, 850, 0.10
3324, 850, 0.10
3325, 850, 0.10
3326, 850, 0.10
3327, 850, 0.10
3328, 850, 0.10
3329, 850, 0.10
3330, 850, 0.10
3331, 850, 0.10
3332, 850, 0.10
3333, 850, 0.10
3334, 850, 0.10
3335, 850, 0.10
3336, 850, 0.10
3337, 850, 0.10
3338, 850, 0.10
3339, 850, 0.10
3340, 850, 0.10
3341, 850, 0.10
3342, 850, 0.10
3343, 850, 0.10
3344, 850, 0.10
3345, 850, 0.10
3346, 850, 0.10
3347, 850, 0.10
3348, 850, 0.10
3349, 850, 0.10
3350, 850, 0.10
3351, 850, 0.10
3352, 850, 0.10
3353, 850, 0.10
3354, 850, 0.10
3355, 850, 0.10
3356, 850, 0.10
3357, 850, 0.10
3358, 850, 0.10
3359, 850, 0.10
3360, 850, 0.10
3361, 850, 0.10
3362, 850, 0.10
3363, 850, 0.10
3364, 850, 0.10
3365, 850, 0.10
3366, 850, 0.10
3367, 850, 0.10
3368, 850, 0.10
3369, 850, 0.10
3370, 850, 0.10
3371, 850, 0.10
3372, 850, 0.10
3373, 850, 0.10
3374, 850, 0.10
3375, 850, 0.10
3376, 850, 0.10
3377, 850, 0.10
3378, 850, 0.10
3379, 850, 0.10
3380, 850, 0.10
3381, 850, 0.10
3382, 850, 0.10
3383, 850, 0.10
3384, 850, 0.10
3385, 850, 0.10
3386, 850, 0.10
3387, 850, 0.10
3388, 850, 0.10
3389, 850, 0.10
3390, 850, 0.10
3391, 850, 0.10
3392, 850, 0.10
3393, 850, 0.10
3394, 850, 0.10
3395, 850, 0.10
3396, 850, 0.10
3397, 850, 0.10
3398, 850, 0.10
3399, 850, 0.10
3400, 850, 0.10
3401, 850, 0.10
3402, 850, 0.10
3403, 850, 0.10
3404, 850, 0.10
3405, 850, 0.10
3406, 850, 0.10
3407, 850, 0.10
3408, 850, 0.10
3409, 850, 0.10
3410, 850, 0.10
3411, 850, 0.10
3412, 850, 0.10
3413, 850, 0.10
3414, 850, 0.10
3415, 850, 0.10
3416, 850, 0.10
3417, 850, 0.10
3418, 850, 0.10
3419, 850, 0.10
3420, 850, 0.10
3421, 850, 0.10
3422, 850, 0.10
3423, 850, 0.10
3424, 850, 0.10
3425, 850, 0.10
3426, 850, 0.10
3427, 850, 0.10
3428, 850, 0.10
3429, 850, 0.10
3430, 850, 0.10
3431, 850, 0.10
3432, 850, 0.10
3433, 850, 0.10
3434, 850, 0.10
3435, 850, 0.10
3436, 850, 0.10
3437, 850, 0.10
3438, 850, 0.10
3439, 850, 0.10
3440, 850, 0.10
3441, 850, 0.10
3442, 850, 0.10
3443, 850, 0.10
3444, 850, 0.10
3445, 850, 0.10
3446, 850, 0.10
3447, 850, 0.10
3448, 850, 0.10
3449, 850, 0.10
3450, 850, 0.10
3451, 850, 0.10
3452, 850, 0.10
3453, 850, 0.10
3454, 850, 0.10
3455, 850, 0.10
3456, 850, 0.10
3457, 850, 0.10
3458, 850, 0.10
3459, 850, 0.10
3460, 850, 0.10
3461, 850, 0.10
3462, 850, 0.10
3463, 850, 0.10
3464, 850, 0.10
3465, 850, 0.10
3466, 850, 0.10
3467, 850, 0.10
3468, 850, 0.10
3469, 850, 0.10
3470, 850, 0.10
3471, 850, 0.10
3472, 850, 0.10
3473, 850, 0.10
3474, 850, 0.10
3475, 850, 0.10
3476, 850, 0.10
3477, 850, 0.10
3478, 850, 0.10
3479, 850, 0.10
3480, 850, 0.10
3481, 850, 0.10
3482, 850, 0.10
3483, 850, 0.10
3484, 850, 0.10
3485, 850, 0.10
3486, 850, 0.10
3487, 850, 0.10
3488, 850, 0.10
3489, 850, 0.10
3490, 850, 0.10
3491, 850, 0.10
3492, 850, 0.10
3493, 850, 0.10
3494, 850, 0.10
3495, 850, 0.10
3496, 850, 0.10
3497, 850, 0.10
3498, 850, 0.10
3499, 850, 0.10
3500, 850, 0.10
3501, 850, 0.10
3502, 850, 0.10
3503, 850, 0.10
3504, 850, 0.10
3505, 850, 0.10
3506, 850, 0.10
3507, 850, 0.10
3508, 850, 0.10
3509, 850, 0.10
3510, 850, 0.10
3511, 850, 0.10
3512, 850, 0.10
3513, 850, 0.10
3514, 850, 0.10
3515, 850, 0.10
3516, 850, 0.10
3517, 850, 0.10
3518, 850, 0.10
3519, 850, 0.10
3520, 850, 0.10
3521, 850, 0.10
3522, 850, 0.10
3523, 850, 0.10
3524, 850, 0.10
3525, 850, 0.10
3526, 850, 0.10
3527, 850, 0.10
3528, 850, 0.10
3529, 850, 0.10
3530, 850, 0.10
3531, 850, 0.10
3532, 850, 0.10
3533, 850, 0.10
3534, 850, 0.10
3535, 850, 0.10
3536, 850, 0.10
3537, 850, 0.10
3538, 850, 0.10
3539, 850, 0.10
3540, 850, 0.10
3541, 850, 0.10
3542, 850, 0.10
3543, 850, 0.10
3544, 850, 0.10
3545, 850, 0.10
3546, 840, 0.08
3547, 840, 0.08
3548, 840, 0.08
3549, 840, 0.08
3550, 850, 0.10
3551, 850, 0.10
3552, 850, 0.10
3553, 850, 0.10
3554, 850, 0.10
3555, 850, 0.10
3556, 850, 0.10
3557, 850, 0.10
3558, 850, 0.10
3559, 850, 0.10
3560, 850, 0.10
3561, 850, 0.10
3562, 850, 0.10
3563, 850, 0.10
3564, 850, 0.10
3565, 850, 0.10
3566, 850, 0.10
3567, 850, 0.10
3568, 850, 0.10
3569, 850, 0.10
3570, 850, 0.10
3571, 850, 0.10
3572, 850, 0.10
3573, 850, 0.10
3574, 850, 0.10
3575, 850, 0.10
3576, 850, 0.10
3577, 850, 0.10
3578, 850, 0.10
3579, 850, 0.10
3580, 850, 0.10
3581, 850, 0.10
3582, 850, 0.10
3583, 850, 0.10
3584, 850, 0.10
3585, 850, 0.10
3586, 850, 0.10
3587, 850, 0.10
3588, 850, 0.10
3589, 850, 0.10
3590, 850, 0.10
3591, 850, 0.10
3592, 850, 0.10
3593, 850, 0.10
3594, 850, 0.10
3595, 850, 0.10
3596, 850, 0.10
3597, 850, 0.10
3598, 850, 0.10
3599, 850, 0.10
3600, 850, 0.10
3601, 850, 0.10
3602, 850, 0.10
3603, 850, 0.10
3604, 850, 0.10
3605, 850, 0.10
3606, 850, 0.10
3607, 850, 0.10
3608, 850, 0.10
3609, 850, 0.10
3610, 850, 0.10
3611, 850, 0.10
3612, 850, 0.10
3613, 850, 0.10
3614, 850, 0.10
3615, 850, 0.10
3616, 850, 0.10
3617, 850, 0.10
3618, 850, 0.10
3619, 850, 0.10
3620, 850, 0.10
3621, 850, 0.10
3622, 850, 0.10
3623, 850, 0.10
3624, 850, 0.10
3625, 850, 0.10
3626, 850, 0.10
3627, 850, 0.10
3628, 850, 0.10
3629, 850, 0.10
3630, 850, 0.10
3631, 850, 0.10
3632, 850, 0.10
3633, 850, 0.10
3634, 850, 0.10
3635, 850, 0.10
3636, 850, 0.10
3637, 850, 0.10
3638, 850, 0.10
3639, 850, 0.10
3640, 850, 0.10
3641, 850, 0.10
3642, 850, 0.10
3643, 850, 0.10
3644, 850, 0.10
3645, 850, 0.10
3646, 850, 0.10
3647, 850, 0.10
3648, 850, 0.10
3649, 850, 0.10
3650, 850, 0.10
3651, 850, 0.10
3652, 850, 0.10
3653, 850, 0.10
3654, 850, 0.10
3655, 850, 0.10
3656, 850, 0.10
3657, 850, 0.10
3658, 850, 0.10
3659, 850, 0.10
3660, 850, 0.10
3661, 850, 0.10
3662, 850, 0.10
3663, 850, 0.10
3664, 850, 0.10
3665, 850, 0.10
3666, 850, 0.10
3667, 850, 0.10
3668, 850, 0.10
3669, 850, 0.10
3670, 850, 0.10
3671, 850, 0.10
3672, 850, 0.10
3673, 850, 0.10
3674, 850, 0.10
3675, 850, 0.10
3676, 850, 0.10
3677, 840, 0.08
3678, 840, 0.08
3679, 840, 0.08
3680, 840, 0.08
3681, 840, 0.08
3682, 840, 0.08
3683, 840, 0.08
3684, 840, 0.08
3685, 840, 0.08
3686, 840, 0.08
3687, 840, 0.08
3688, 840, 0.08
3689, 840, 0.08
3690, 840, 0.08
3691, 840, 0.08
